Date,general_cpi,food_cpi,food_inflation,bdi_mean,bdi_std,bdi_min,bdi_max,bdi_range,bdi_cv,bdi_month_return,bdi_first_second_change,bdi_pct_extreme_days,bdi_positive_days,bdi_intraday_range_mean,bdi_last,bdi_momentum_3m,bdi_roll3_mean,bdi_roll6_mean,bdi_roll3_std,Brent_USD_per_barrel,brent_mom_pct,brent_yoy_pct,brent_roll3_mean,policy_rate,policy_change_1m,policy_change_12m,bwa_food_inflation_hcp,ken_food_inflation,nam_food_inflation,zaf_food_inflation,zwe_food_inflation,Brent_USD_per_barrel_lag12,bdi_mean_lag12,policy_rate_lag12,zaf_food_inflation_lag12,bdi_momentum_3m_lag12,food_inflation_lag1,food_inflation_lag2,food_inflation_lag3,food_inflation_lag6,food_inflation_lag12,food_inflation_lag13,food_inflation_lag18,food_inflation_lag24,food_inflation_roll3,food_inflation_roll6,food_inflation_roll12
2000-01-01,31.74832,31.912372,,1370.55,30.325384537849164,1319.0,1406.0,87.0,0.022126434305825518,-0.0007575757575757347,-7.370011423590839e-06,0.0,0.47368421052631576,0.0,1319.0,,,,,25.51,,,,14.0,,,,,,,,,,,,,,,,,,,,,,,
2000-02-01,31.974914,32.163038,,1392.952380952381,93.93480515255045,1276.0,1531.0,255.0,0.06743576193776697,0.16781083142639197,0.1284922778585773,0.0,0.7619047619047619,0.0,1531.0,,,,,27.78,,,,14.0,0.0,,,,,,,,,,,,,,,,,,,,,,
2000-03-01,32.27704,32.413704,,1620.695652173913,28.529784727557807,1547.0,1660.0,113.0,0.017603419056063677,0.07304460245636712,0.013059806856045686,0.0,0.6521739130434783,0.0,1660.0,,1461.3993443754314,,138.4086410841294,27.49,,,26.926666666666666,14.0,0.0,,,,,,,,,,,,,,,,,,,,,,
2000-04-01,32.679873,32.612508,,1666.5882352941176,18.65160456746755,1628.0,1686.0,58.0,0.01119148939880518,-0.02456560814859199,-0.016964285714285765,0.0,0.35294117647058826,0.0,1628.0,0.21599958797133834,1560.0787561401369,,146.54334259498168,22.76,-0.10780086240689923,,26.01,14.0,0.0,,,,,,,,,,,,,,,,,,,,,,
2000-05-01,32.88129,32.811312,,1601.8,16.3211196726334,1566.0,1622.0,56.0,0.010189236903879012,-0.03452527743526512,-0.012002605993785664,0.0,0.2,0.0,1566.0,0.14993162860659104,1629.69462915601,,33.318389039307554,27.74,-0.0014398848092153083,,25.996666666666666,14.0,0.0,,,,,,,,,,,,,,,,,,,,,,
2000-06-01,33.05753,33.010116,,1588.6363636363637,26.65394718297649,1559.0,1626.0,67.0,0.016777878055092496,0.03457106274007682,0.030678054732438564,0.0,0.5909090909090909,0.0,1616.0,-0.01978118994429745,1619.0081996434938,1540.2037720094625,41.727870482022134,29.8,0.0840305565660242,,26.766666666666666,14.0,0.0,,,,,,,,,,,,,,,,,,,,,,
2000-07-01,33.535894,33.010116,,1618.2380952380952,12.8136831625601,1600.0,1642.0,42.0,0.007918292864484068,0.017978921264724113,0.0141884511553938,0.0,0.42857142857142855,0.0,1642.0,-0.02901144927828536,1602.8914862914862,1581.4851212158117,14.831019358039487,28.68,0.2601054481546572,,28.74,14.0,0.0,,,,,,,,,,,,,,,,,,,,,,
2000-08-01,33.611426,33.010116,,1638.857142857143,7.875821952569233,1627.0,1652.0,25.0,0.004805679364364071,0.004255319148936065,-0.00492970604345444,0.0,0.47619047619047616,0.0,1652.0,0.02313468776198202,1615.2438672438673,1622.4692481999389,25.243924365014244,30.2,0.08868060562364821,,29.560000000000002,14.0,0.0,,,,,,,,,,,,,,,,,,,,,,
2000-09-01,33.712134,33.010116,,1711.5238095238096,26.577469871338483,1661.0,1740.0,79.0,0.015528542298650829,0.046959662853702566,0.025830734487579443,0.0,0.8571428571428571,0.0,1739.0,0.07735404319095296,1656.2063492063492,1637.6072744249213,49.00308503716318,33.14,0.11208053691275177,,30.673333333333336,14.0,0.0,,,,,,,,,,,,,,,,,,,,,,
2000-10-01,33.989082,32.992829,,1734.3181818181818,14.551669397395003,1718.0,1759.0,41.0,0.008390426595274277,0.01383285302593662,0.012471457873756808,0.0,0.5909090909090909,0.0,1759.0,0.07173239025930078,1694.8997113997114,1648.895598845599,49.85451803708407,30.96,0.07949790794979084,,31.433333333333334,14.0,0.0,,,,,,,,,,,,,,,,,,,,,,
2000-11-01,34.064614,32.975541,,1722.3181818181818,31.58116732912401,1672.0,1762.0,90.0,0.018336430319620182,-0.049459920409323455,-0.03204528929053696,0.0,0.09090909090909091,0.0,1672.0,0.050926366172181936,1722.7200577200576,1668.9819624819622,11.402498860072699,32.55,0.07781456953642385,,32.21666666666666,14.0,0.0,,,,,,,,,,,,,,,,,,,,,,
2000-12-01,34.140145,32.958254,,1609.3684210526317,26.33166772436184,1581.0,1664.0,83.0,0.016361491489400058,-0.0390625,-0.015983560567805588,0.0,0.42105263157894735,0.0,1599.0,-0.05968680535014015,1688.6682615629986,1672.4373053846737,68.93727967309957,25.66,-0.22570911285455642,,29.723333333333333,14.0,0.0,,,,,,,,,,,,,,,,,,,,,,
2001-01-01,34.291207,33.061978,3.602384,1565.9545454545455,29.297289445120494,1504.0,1599.0,95.0,0.01870890156432762,-0.05941213258286426,-0.028406471352529383,0.0,0.045454545454545456,0.0,1504.0,-0.09707770934346738,1632.5470494417862,1663.723380420749,80.71761458762687,25.62,-0.17248062015503873,0.004312034496275929,27.94333333333333,14.0,0.0,0.0,3.602384,16.136017,7.319912,4.958652,1.882258,25.51,1370.55,14.0,,,,,,,,,,,,,
2001-02-01,34.341562,33.243495,3.359312,1479.15,29.086576755754898,1445.0,1537.0,92.0,0.019664386137818946,0.029470864032149935,0.025369000504202877,0.0,0.55,0.0,1537.0,-0.14118656145258757,1551.4909888357258,1637.1055232778917,66.30313075496014,27.5,-0.15514592933947768,-0.010079193664506825,26.26,14.0,0.0,0.0,3.359312,13.673317,7.717045,5.333317,1.87931,27.78,1392.952380952381,14.0,,,3.602384,,,,,,,,,,
2001-03-01,34.643687,33.295356,2.72,1501.590909090909,24.97171560158773,1438.0,1538.0,100.0,0.016630172339486306,-0.06501950585175553,-0.01686877176131585,0.0,0.22727272727272727,0.0,1438.0,-0.0669688248830117,1515.5651515151515,1602.1167065390748,45.05792789721965,24.5,-0.04520654715510519,-0.10876682429974527,25.873333333333335,14.0,0.0,0.0,2.72,12.70793,8.109677,4.563895,1.876372,27.49,1620.695652173913,14.0,,,3.359312,3.602384,,,,,,,,,
2001-04-01,34.794749,33.321287,2.173337,1440.1052631578948,16.162008733934943,1423.0,1463.0,40.0,0.011222796796460929,0.020279720279720248,0.01789719626168229,0.0,0.5263157894736842,0.0,1459.0,-0.08036585906145877,1473.6153907496011,1553.0812200956937,31.114226466614767,25.66,0.0015612802498048417,0.12741652021089633,25.886666666666667,14.0,0.0,0.0,2.173337,12.21647,8.497884,4.020101,1.873442,22.76,1666.5882352941176,14.0,,0.21599958797133834,2.72,3.359312,3.602384,,,,,,3.2272320000000003,,
2001-05-01,35.273114,33.476873,2.028451,1448.2857142857142,26.95949342466,1389.0,1481.0,92.0,0.018614761685995265,-0.044046799724707486,-0.02190976725138205,0.0,0.3333333333333333,0.0,1389.0,-0.0208662310883182,1463.327295511506,1507.4091421736157,33.38874119039086,28.31,0.0294545454545454,0.020547945205479534,26.156666666666666,14.0,0.0,0.0,2.028451,9.278117,8.88174,3.888342,1.870522,27.74,1601.8,14.0,,0.14993162860659104,2.173337,2.72,3.359312,,,,,,2.750883,,
2001-06-01,35.373823,33.528735,1.571092,1377.4761904761904,14.45205538191384,1355.0,1394.0,39.0,0.010491691603698644,0.0028943560057888007,0.01792465388711406,0.0,0.5238095238095238,0.0,1386.0,-0.08265548083922536,1421.9557226399331,1468.7604370775423,38.73695304605848,27.85,0.1367346938775511,-0.06543624161073824,27.27333333333333,14.0,0.0,0.0,1.571092,6.140986,9.261318,3.17144,1.867611,29.8,1588.6363636363637,14.0,,-0.01978118994429745,2.028451,2.173337,2.72,,,,,,2.307262666666667,,
2001-07-01,35.524885,33.65839,1.963865,1221.3636363636363,107.33327955686858,1049.0,1380.0,331.0,0.08787987161336468,-0.23985507246376814,-0.14071358379318166,0.0,0.0,0.0,1049.0,-0.1518928042208505,1349.041847041847,1411.3286188957243,116.10250331937205,24.61,-0.04091971940763839,-0.1419107391910739,26.923333333333336,13.5,-0.5,-0.5,1.963865,5.675173,9.636689,3.666981,1.864709,28.68,1618.2380952380952,14.0,,-0.02901144927828536,1.571092,2.028451,2.173337,3.602384,,,,,1.9242933333333336,2.5757626666666664,
2001-08-01,35.625594,33.736183,2.199529,979.9090909090909,28.003246565029173,927.0,1037.0,110.0,0.028577392356927443,-0.1060752169720347,-0.03768432550518841,0.0,0.13636363636363635,0.0,927.0,-0.3234007066123854,1192.9163059163059,1328.121800713906,200.3043624630611,25.68,-0.09290003532320734,-0.14966887417218544,26.046666666666667,13.5,0.0,-0.5,2.199529,5.367976,10.007922,3.956479,1.861816,30.2,1638.857142857143,14.0,,0.02313468776198202,1.963865,1.571092,2.028451,3.359312,,,,,1.8544693333333333,2.3026761666666666,
2001-09-01,35.776656,33.788045,2.356638,945.2,37.5339846006256,898.0,995.0,97.0,0.03971009796934575,0.03703703703703698,0.07417160412552115,0.0,0.55,0.0,952.0,-0.31381754070591483,1048.8242424242424,1235.3899825320877,150.42792989888363,25.62,-0.08007181328545787,-0.22691611345805673,25.30333333333333,13.5,0.0,-0.5,2.356638,4.095033,10.375087,4.635092,1.858931,33.14,1711.5238095238096,14.0,,0.07735404319095296,2.199529,1.963865,1.571092,2.72,,,,,1.9114953333333335,2.109379,
2001-10-01,35.952896,33.842976,2.576765,898.0434782608696,17.0546668123142,861.0,939.0,78.0,0.018990914387955776,-0.08306709265175716,-0.012054454615565202,0.0,0.30434782608695654,0.0,861.0,-0.26472063558842074,941.050856389987,1145.046351715917,41.09021998102483,20.54,-0.16537992685900038,-0.33656330749354013,23.94666666666667,13.5,0.0,-0.5,2.576765,4.275592,10.738248,6.32412,1.856056,30.96,1734.3181818181818,14.0,,0.07173239025930078,2.356638,2.199529,1.963865,2.173337,,,,,2.1733439999999997,2.0488186666666666,
2001-11-01,36.053604,34.160093,3.592213,855.2272727272727,7.987679907396784,843.0,868.0,25.0,0.009339833003599748,0.017584994138335253,0.01531705227077973,0.0,0.5909090909090909,0.0,868.0,-0.12723814825122914,899.4902503293807,1046.2032781228434,45.003808453132635,18.8,-0.2679127725856697,-0.42242703533026105,21.653333333333336,13.5,0.0,-0.5,3.592213,2.852415,11.097472,8.523282,1.85319,32.55,1722.3181818181818,14.0,,0.050926366172181936,2.576765,2.356638,2.199529,2.028451,,,,,2.377644,2.1160566666666667,
2001-12-01,36.103958,34.47721,4.608727,870.1764705882352,2.963007216445124,865.0,876.0,11.0,0.003405064738698514,0.009216589861751112,-0.0025747412958984084,0.0,0.47058823529411764,0.0,876.0,-0.07937317965696655,874.4824071921258,961.6533248081842,21.73045516322123,18.71,-0.26971116315378607,-0.2708495713172252,19.349999999999998,13.5,0.0,-0.5,4.608727,2.125098,11.452823,11.420016,1.850332,25.66,1609.3684210526317,14.0,,-0.05968680535014015,3.592213,2.576765,2.356638,1.571092,,,,,2.841872,2.3766836666666666,
2002-01-01,36.229844,34.794327,5.239702,931.3181818181819,26.68223301078001,882.0,969.0,87.0,0.02864996467554103,0.02947845804988658,0.016522210184181985,0.0,0.5,0.0,908.0,0.037052441627605015,885.5739750445633,913.3124157172751,40.31462475556063,19.42,-0.054527750730282265,-0.24199843871975013,18.97666666666667,12.5,-1.0,-1.5,5.239702,0.610673,11.34455,12.303151,1.847484,25.62,1565.9545454545455,14.0,4.958652,-0.09707770934346738,4.608727,3.592213,2.576765,1.963865,3.602384,,,,3.592568333333334,2.8829561666666668,2.7293594166666666
2002-02-01,36.280198,35.111444,5.618992,959.55,44.386431070293256,908.0,1031.0,123.0,0.0462575489242804,0.1354625550660793,0.08277646750524092,0.0,0.9,0.0,1031.0,0.12198246080255104,920.3482174688057,909.9192338990933,45.685468458234006,20.28,0.0787234042553191,-0.2625454545454545,19.470000000000002,12.5,0.0,-1.5,5.618992,1.590695,12.585233,12.113274,1.844644,27.5,1479.15,14.0,5.333317,-0.14118656145258757,5.239702,4.608727,3.592213,2.199529,3.359312,3.602384,,,4.480214,3.428929,2.8658025833333336
2002-03-01,36.758563,35.428561,6.406912,1064.75,18.072587558305855,1033.0,1086.0,53.0,0.01697355018389843,0.047434656340755055,0.027905055569964476,0.0,0.85,0.0,1082.0,0.22360237950381934,985.2060606060608,929.8442338990932,70.31847275213222,23.7,0.26670229823623726,-0.032653061224489854,21.133333333333336,12.5,0.0,-1.5,6.406912,2.690896,13.32746,13.786453,1.841812,24.5,1501.590909090909,14.0,4.563895,-0.0669688248830117,5.618992,5.239702,4.608727,2.356638,2.72,3.359312,,,5.155807,3.9988395000000003,3.0541092499999998
2002-04-01,37.211751,35.745678,7.2758,1077.4761904761904,23.42780196181248,1027.0,1104.0,77.0,0.02174322009979503,-0.04995374653098983,-0.02383749510502331,0.0,0.42857142857142855,0.0,1027.0,0.15693670703676044,1033.9253968253968,959.74968593498,64.72452178819148,25.73,0.3249227600411946,0.002727981293842552,23.236666666666668,12.5,0.0,-1.5,7.2758,1.135065,14.300584,15.482588,1.83899,25.66,1440.1052631578948,14.0,4.020101,-0.08036585906145877,6.406912,5.618992,5.239702,2.576765,2.173337,2.72,,,5.755202,4.673885166666667,3.361351916666667
2002-05-01,37.312459,36.062794,7.724501,1032.909090909091,8.9064401039178,1016.0,1046.0,30.0,0.008622675685891198,0.021568627450980316,0.007680342212716296,0.0,0.5454545454545454,0.0,1042.0,0.07645155636401557,1058.378427128427,989.3633222986164,22.956574147699868,25.35,0.25,-0.1045566937477922,24.926666666666666,12.5,0.0,-1.5,7.724501,2.262944,14.303788,15.562524,1.836176,28.31,1448.2857142857142,14.0,3.888342,-0.0208662310883182,7.2758,6.406912,5.618992,3.592213,2.028451,2.173337,,,6.433901333333334,5.457057666666667,3.7865571666666664
2002-06-01,37.463522,36.379911,8.50368,995.0555555555555,13.764712865201288,978.0,1027.0,49.0,0.013833109908638445,-0.02142161635832518,-0.0035105315947843163,0.0,0.4444444444444444,0.0,1005.0,-0.06545615820093398,1035.1469456469456,1010.1765031265031,41.25586334753538,24.08,0.01603375527426154,-0.13536804308797135,25.05333333333333,12.5,0.0,-1.5,8.50368,3.787563,15.075749,17.779318,1.833371,27.85,1377.4761904761904,14.0,3.17144,-0.08265548083922536,7.724501,7.2758,6.406912,4.608727,1.571092,2.028451,,,7.1357376666666665,6.145772333333333,4.261228
2002-07-01,38.672022,36.697028,9.027878,988.5652173913044,17.768271228529603,962.0,1007.0,45.0,0.017973797697857275,-0.03681592039800996,-0.029977972903654115,0.0,0.34782608695652173,0.0,968.0,-0.08251780769799821,1005.5099546186502,1019.7176757220235,23.94923014352936,25.74,0.00038865137971222374,0.045916294189353835,25.05666666666667,12.5,0.0,-1.0,9.027878,2.808799,14.711427,18.814753,1.830574,24.61,1221.3636363636363,13.5,3.666981,-0.1518928042208505,8.50368,7.724501,7.2758,5.239702,1.963865,1.571092,3.602384,,7.834660333333333,6.794931166666667,4.838943666666666
2002-08-01,39.150387,37.014145,9.716459,1001.7619047619048,22.40737548644366,970.0,1036.0,66.0,0.022367965261934533,0.06804123711340204,0.03751154627748021,0.0,0.8095238095238095,0.0,1036.0,-0.030154818484337986,995.1275592362549,1026.752993182341,6.598638328200837,26.65,0.0512820512820511,0.03777258566978192,25.49,12.5,0.0,-1.0,9.716459,2.401649,14.17975,20.299835,1.827786,25.68,979.9090909090909,13.5,3.956479,-0.3234007066123854,9.027878,8.50368,7.724501,5.618992,2.199529,1.963865,3.359312,,8.418686333333333,7.426293833333333,5.427611416666667
2002-09-01,39.402158,37.331262,10.486601,1182.3809523809523,98.61971212210882,1039.0,1367.0,328.0,0.08340773075168285,0.31568816169393643,0.14372168391811924,0.0,1.0,0.0,1367.0,0.1882562192427637,1057.5693581780538,1046.3581519124998,108.2912215970929,28.4,0.1794019933554818,0.10850897736143628,26.929999999999996,12.5,0.0,-1.0,10.486601,2.356289,15.790585,21.477201,1.825006,25.62,945.2,13.5,4.635092,-0.31381754070591483,9.716459,9.027878,8.50368,6.406912,2.356638,2.199529,2.72,,9.082672333333333,8.109205,6.05402225
2002-10-01,39.553221,37.648379,11.244292,1365.391304347826,24.622124438352337,1334.0,1417.0,83.0,0.018033016879445415,0.03355215171407733,0.020808094404809907,0.0,0.5217391304347826,0.0,1417.0,0.381184852882966,1183.1780538302276,1094.344004224439,181.81601026544496,27.54,0.06993006993007,0.3407984420642649,27.53,12.5,0.0,-1.0,11.244292,2.508148,18.110034,21.820997,1.822235,20.54,898.0434782608696,13.5,6.32412,-0.26472063558842074,10.486601,9.716459,9.027878,7.2758,2.576765,2.356638,2.173337,,9.743646,8.789153166666667,6.731519166666666
2002-11-01,39.830169,37.965496,11.139908,1460.4285714285713,35.63084538510338,1428.0,1560.0,132.0,0.024397526919272588,0.09243697478991586,0.02858224493658912,0.0,0.8095238095238095,0.0,1560.0,0.45785996102105786,1336.0669427191167,1165.5972509776857,141.32430170784747,24.34,-0.08667917448405249,0.2946808510638297,26.76,12.5,0.0,-1.0,11.139908,3.416213,18.903513,20.538497,1.819472,18.8,855.2272727272727,13.5,8.523282,-0.12723814825122914,11.244292,10.486601,9.716459,7.724501,3.592213,2.576765,2.028451,,10.482450666666667,9.450568500000001,7.453813083333333
2002-12-01,39.930877,38.282613,11.037445,1665.9411764705883,60.92256415753864,1573.0,1739.0,166.0,0.036569456964025165,0.10489510489510478,0.06486943353700414,0.0,0.9411764705882353,0.0,1738.0,0.4089715950818509,1497.2536840823286,1277.4115211301912,153.62168824656044,28.33,-0.0024647887323944184,0.514163548904329,26.736666666666668,12.5,0.0,-1.0,11.037445,5.657176,17.800413,18.035244,1.816717,18.71,870.1764705882352,13.5,11.420016,-0.07937317965696655,11.139908,11.244292,10.486601,8.50368,4.608727,3.592213,1.571092,,10.956933666666666,10.019803,8.082787666666666
2003-01-01,40.157471,38.525545,10.723638,1693.8636363636363,75.8559383082391,1530.0,1761.0,231.0,0.044782789287032346,-0.11967779056386652,-0.05820090697763047,0.0,0.2727272727272727,0.0,1530.0,0.2405701068769468,1606.7444614209319,1394.9612576255797,127.48007958034857,31.18,0.13217138707334786,0.6055612770339853,27.95,12.5,0.0,0.0,10.723638,8.515932,17.698224,17.388483,1.813971,19.42,931.3181818181819,12.5,12.303151,0.037052441627605015,11.037445,11.139908,11.244292,9.027878,5.239702,4.608727,1.963865,3.602384,11.140548333333333,10.442097166666668,8.618514166666666
2003-02-01,40.509951,38.938687,10.900273,1673.7,83.78738756990502,1530.0,1768.0,238.0,0.05006117438603395,0.15294117647058814,0.09055708218835878,0.0,0.85,0.0,1764.0,0.14603345397632794,1677.8349376114081,1506.9509401652624,14.41316146469348,32.77,0.34634346754313894,0.6158777120315582,30.76,12.5,0.0,0.0,10.900273,9.966139,15.105708,15.279111,1.811233,20.28,959.55,12.5,12.113274,0.12198246080255104,10.723638,11.037445,11.139908,9.716459,5.618992,5.239702,2.199529,3.359312,10.966997,10.724723833333334,9.075508833333332
2003-03-01,40.68619,39.248544,10.782214,1849.7619047619048,82.01762296110803,1748.0,1940.0,192.0,0.044339556755908574,0.10045402951191829,0.08591707710401586,0.0,0.6666666666666666,0.0,1939.0,0.11034046753124471,1739.1085137085138,1618.1810988954212,96.35752576504987,30.61,0.08048005647723255,0.2915611814345991,31.52,12.5,0.0,0.0,10.782214,13.606973,13.653539,13.586692,1.808503,23.7,1064.75,12.5,13.786453,0.22360237950381934,10.900273,10.723638,11.037445,10.486601,6.406912,5.618992,2.356638,2.72,10.887118666666666,10.922026166666667,9.515615583333334
2003-04-01,41.240086,39.868258,11.533088,2063.55,61.2428083855351,1943.0,2142.0,199.0,0.029678373863262386,0.10241893978383931,0.04668445883811123,0.0,1.0,0.0,2142.0,0.2182503689789348,1862.3373015873015,1734.5408815041167,195.22899651175626,25.0,-0.19820397690827452,-0.0283715507190051,29.459999999999997,12.5,0.0,0.0,11.533088,15.676221,12.060701,11.47032,1.805782,25.73,1077.4761904761904,12.5,15.482588,0.15693670703676044,10.782214,10.900273,10.723638,11.244292,7.2758,6.406912,2.576765,2.173337,10.802041666666668,10.971295,9.880224083333333
2003-05-01,41.491857,40.178115,11.41154,2231.2,70.82788627146945,2127.0,2337.0,210.0,0.031744301842716684,-0.008391608391608352,0.022205102641954078,0.0,0.65,0.0,2127.0,0.3330943418772778,2048.1706349206347,1863.0027862660215,191.1835473501843,25.86,-0.210863594751297,0.020118343195266286,27.156666666666666,12.5,0.0,0.0,11.41154,20.194437,11.253793,11.27738,1.803068,25.35,1032.909090909091,12.5,15.562524,0.07645155636401557,11.533088,10.782214,10.900273,11.139908,7.724501,7.2758,3.592213,2.028451,11.071858333333333,11.019427666666667,10.234998083333332
2003-06-01,42.045754,40.487972,11.292112,2135.904761904762,10.324266375412646,2116.0,2154.0,38.0,0.004833673560522262,0.0042533081285445196,0.0041246699624213345,0.0,0.47619047619047616,0.0,2125.0,0.15469172351654015,2143.5515873015875,1941.3300505050504,84.08618244983865,27.65,-0.09670042469781115,0.1482558139534884,26.169999999999998,13.0,0.5,0.5,11.292112,18.570194,10.569938,8.999999,1.800363,24.08,995.0555555555555,12.5,17.779318,-0.06545615820093398,11.41154,11.533088,10.782214,11.037445,8.50368,7.724501,4.608727,1.571092,11.242280666666666,11.064699666666668,10.542251333333333
2003-07-01,42.020576,40.487972,10.330383,2191.913043478261,39.058130388014156,2123.0,2240.0,117.0,0.017819197027102104,0.027319830428638614,0.019841602413677384,0.0,0.4782608695652174,0.0,2181.0,0.06220495916176527,2186.3392684610076,2024.3382850241544,47.89150057019221,28.35,0.13400000000000012,0.10139860139860146,27.286666666666665,13.0,0.0,0.5,10.330383,14.686222,9.590319,7.503716,1.797666,25.74,988.5652173913044,12.5,18.814753,-0.08251780769799821,11.292112,11.41154,11.533088,10.723638,9.027878,8.50368,5.239702,1.963865,11.412246666666666,11.107144166666666,10.774620666666666
2003-08-01,42.196816,40.591257,9.664176,2285.95,53.25754209005222,2176.0,2343.0,167.0,0.023297772081651926,0.04090073529411775,0.017318388485876746,0.0,0.5,0.0,2265.0,0.024538365005378315,2204.5892684610076,2126.3799516908216,75.82155616066298,29.89,0.15583913379737058,0.12157598499061928,28.63,13.0,0.0,0.5,9.664176,11.084256,9.152289,5.730268,1.794977,26.65,1001.7619047619048,12.5,20.299835,-0.030154818484337986,10.330383,11.292112,11.41154,10.900273,9.716459,9.027878,5.618992,2.199529,11.011345,11.041601666666667,10.883162750000002
2003-09-01,42.272347,40.591257,8.732615,2462.8636363636365,208.20509473080017,2262.0,2993.0,731.0,0.08453780861298937,0.3231653404067196,0.12724274665305635,0.13636363636363635,0.9545454545454546,0.0,2993.0,0.15307745939350714,2313.575559947299,2228.563573624443,137.5715618070689,27.11,-0.019529837251356263,-0.0454225352112676,28.45,13.0,0.0,0.5,8.732615,10.570364,7.162009,3.574533,1.792296,28.4,1182.3809523809523,12.5,21.477201,0.1882562192427637,9.664176,10.330383,11.292112,10.782214,10.486601,9.716459,6.406912,2.356638,10.428890333333333,10.8355855,10.878805833333333
2003-10-01,42.322702,40.487972,7.542404,4162.565217391304,461.411355229992,3138.0,4560.0,1422.0,0.11084783808364217,0.4515615041427661,0.17901234567901225,0.34782608695652173,0.9130434782608695,0.0,4555.0,0.8990558178283807,2970.4596179183136,2578.3994431896604,1036.1763502917813,29.61,0.04444444444444429,0.07516339869281041,28.87,13.0,0.0,0.5,7.542404,12.186618,3.202066,2.338437,1.789623,27.54,1365.391304347826,12.5,21.820997,0.381184852882966,8.732615,9.664176,10.330383,11.533088,11.244292,10.486601,7.2758,2.576765,9.575724666666666,10.493985666666665,10.732640333333334
2003-11-01,42.448587,40.487972,6.644127,4250.4,161.58439215924813,4026.0,4558.0,532.0,0.03801627897591948,-0.030934620447564676,-0.028251339503166162,0.0,0.45,0.0,4417.0,0.8593582536800892,3625.2762845849797,2914.9327765229937,1007.6363981207204,28.75,-0.03813984610237542,0.18118323746918663,28.49,13.0,0.0,0.5,6.644127,12.04281,1.457547,2.350453,1.786958,24.34,1460.4285714285713,12.5,20.538497,0.45785996102105786,7.542404,8.732615,9.664176,11.41154,11.139908,11.244292,7.724501,3.592213,8.646398333333332,9.828871666666666,10.424149666666667
2003-12-01,42.473764,40.591257,6.03053,4609.0,107.33509924256727,4442.0,4765.0,323.0,0.02328815344815953,0.07271499324628539,0.03923801132283811,0.0,1.0,0.0,4765.0,0.8713987782145691,4340.655072463768,3327.115316205533,236.5068442134424,29.81,0.09959424566580588,0.052241440169431774,29.39,13.0,0.0,0.5,6.03053,11.193555,0.706226,1.613104,1.784301,28.33,1665.9411764705883,12.5,18.035244,0.4089715950818509,6.644127,7.542404,8.732615,11.292112,11.037445,11.139908,8.50368,4.608727,7.639715333333334,9.034302833333333,10.049501249999999
2004-01-01,42.619445,40.694543,5.630027,5229.476190476191,272.54680681446604,4757.0,5551.0,794.0,0.052117419964703614,0.16593152699012803,0.06300640730950469,0.047619047619047616,0.6190476190476191,0.0,5551.0,0.25631093264972904,4696.292063492064,3833.3758407051887,495.3407664940099,31.28,0.056399864910503306,0.003207184092366866,29.94666666666667,12.0,-1.0,-0.5,5.630027,12.271183,0.744022,1.317622,1.781652,31.18,1693.8636363636363,12.5,17.388483,0.2405701068769468,6.03053,6.644127,7.542404,10.330383,10.723638,11.037445,9.027878,5.239702,6.739020333333333,8.1573725,9.632258333333333
2004-02-01,43.059388,40.901114,5.039788,5450.05,149.31333179804,5242.0,5681.0,439.0,0.027396690268536986,-0.06318974724101101,-0.022119397568499344,0.0,0.45,0.0,5263.0,0.28224402409185023,5096.175396825397,4360.725840705189,436.08267772975483,30.86,0.07339130434782604,-0.05828501678364373,30.650000000000002,12.0,0.0,-0.5,5.039788,13.237379,0.871846,2.421281,1.779011,32.77,1673.7,12.5,15.279111,0.14603345397632794,5.630027,6.03053,6.644127,9.664176,10.900273,10.723638,9.716459,5.618992,6.101561333333333,7.373979833333332,9.207790750000001
2004-03-01,43.49933,41.314257,5.263158,5131.173913043478,161.87724085466544,4822.0,5384.0,562.0,0.031547798534595065,-0.07358309317963496,-0.047459223166770315,0.0,0.30434782608695654,0.0,4822.0,0.1132944050864566,5270.23336783989,4805.444220151829,163.29834762842182,33.63,0.12814491781281467,0.09866056844168591,31.923333333333332,12.0,0.0,-0.5,5.263158,11.1571,1.223552,2.133007,1.776377,30.61,1849.7619047619048,12.5,13.586692,0.11034046753124471,5.039788,5.630027,6.03053,8.732615,10.782214,10.900273,10.486601,6.406912,5.5667816666666665,6.603248499999999,8.719416999999998
2004-04-01,43.939273,41.933971,5.181347,4490.0,238.10258735524727,3982.0,4763.0,781.0,0.05302952947778335,-0.16397228637413397,-0.054892788885301025,0.1,0.25,0.0,3982.0,-0.14140540343656383,5023.741304347826,4860.016683919945,488.9584079278823,33.59,0.07384910485933505,0.3436000000000001,32.693333333333335,12.0,0.0,-0.5,5.181347,10.140707,1.280647,2.147245,1.773752,25.0,2063.55,12.5,11.47032,0.2182503689789348,5.263158,5.039788,5.630027,7.542404,11.533088,10.782214,11.244292,7.2758,5.3109910000000005,6.025005666666668,8.259495666666666
2004-05-01,44.544194,42.037256,4.627249,3595.684210526316,269.8108499242425,3286.0,3933.0,647.0,0.0750374154477679,-0.16450546656496312,-0.12888005530591085,0.0,0.15789473684210525,0.0,3286.0,-0.3402474820366206,4405.619374523265,4750.8973856743305,771.214771708211,37.57,0.2174335709656514,0.4528228924980666,34.93,12.0,0.0,-0.5,4.627249,6.198866,1.907785,1.719126,1.771134,25.86,2231.2,12.5,11.27738,0.3330943418772778,5.181347,5.263158,5.039788,6.644127,11.41154,11.533088,11.139908,7.724501,5.161430999999999,5.631496166666667,7.730183916666667
2004-06-01,44.874151,42.347113,4.591837,2901.590909090909,218.20101241328334,2622.0,3282.0,660.0,0.07520047423971542,-0.08439975624619134,-0.10376069391634979,0.045454545454545456,0.2727272727272727,0.0,3005.0,-0.43451713813187154,3662.4250398724084,4466.329203856149,796.3049753373492,35.18,0.046089800773119194,0.2723327305605787,35.446666666666665,12.0,0.0,-1.0,4.591837,7.938577,0.642833,1.445659,1.768523,27.65,2135.904761904762,13.0,8.999999,0.15469172351654015,4.627249,5.181347,5.263158,6.03053,11.292112,11.41154,11.037445,8.50368,5.023918,5.295349833333333,7.164826333333333
2004-07-01,44.819158,42.037256,3.826531,3778.409090909091,285.93933074308063,3115.0,4086.0,971.0,0.07567717625681532,0.29951845906902097,0.058976518379074694,0.2727272727272727,0.6363636363636364,0.0,4048.0,-0.15848349868394407,3425.228070175439,4224.484687261632,462.5948581958358,38.22,0.13783864245311084,0.3481481481481481,36.99,12.0,0.0,-1.0,3.826531,11.450578,0.670708,0.889891,1.765921,28.35,2191.913043478261,13.0,7.503716,0.06220495916176527,4.591837,4.627249,5.181347,5.630027,10.330383,11.292112,10.723638,9.027878,4.800144333333333,5.055567666666667,6.606470083333334
2004-08-01,44.984137,42.140542,3.816794,4169.0,46.203895939628296,4088.0,4233.0,145.0,0.011082728697440225,0.02097560975609758,0.01593025429039452,0.0,0.7142857142857143,0.0,4186.0,0.1594455341198513,3616.3333333333335,4010.976353928299,649.0630665236397,42.74,0.13760979504924142,0.42990966878554704,38.71333333333334,12.0,0.0,-1.0,3.816794,21.426444,0.465531,0.639222,1.763326,29.89,2285.95,13.0,5.730268,0.024538365005378315,3.826531,4.591837,4.627249,5.039788,9.664176,10.330383,10.900273,9.716459,4.348539,4.754985,6.064482416666666
2004-09-01,45.259101,42.243828,4.071247,4140.772727272727,71.03716788258961,4014.0,4233.0,219.0,0.01715553413852236,-0.007014997581035298,0.014707183297947513,0.0,0.5,0.0,4105.0,0.4270697893005404,4029.3939393939395,3845.909489633174,217.81698822206104,43.2,0.22797043774872106,0.5935079306528956,41.38666666666666,12.0,0.0,-1.0,4.071247,25.82711,-0.240317,0.848864,1.760739,27.11,2462.8636363636365,13.0,3.574533,0.15307745939350714,3.816794,3.826531,4.591837,5.263158,8.732615,9.664176,10.782214,10.486601,4.078387333333333,4.551152666666667,5.577200583333333
2004-10-01,45.534065,42.347113,4.591837,4539.428571428572,277.89144848817705,4112.0,4922.0,810.0,0.06121727528377515,0.19698443579766534,0.10829314520374855,0.0,1.0,0.0,4922.0,0.20141267454350165,4283.0670995671,3854.147584871269,222.4637002358893,49.78,0.3024594453165883,0.6811887875717664,45.24,12.0,0.0,-1.0,4.591837,24.892594,1.656831,1.038646,1.758159,29.61,4162.565217391304,13.0,2.338437,0.8990558178283807,4.071247,3.816794,3.826531,5.181347,7.542404,8.732615,11.533088,11.244292,3.9048573333333336,4.352500833333333,5.18875325
2004-11-01,45.644051,42.450399,4.846939,5308.909090909091,348.3562638737627,4928.0,6051.0,1123.0,0.06561729686995085,0.22788149350649345,0.10815494025486427,0.0,1.0,0.0,6051.0,0.27342506378246356,4663.036796536797,4139.6850649350645,593.7970074008501,43.11,0.008656995788488553,0.49947826086956515,45.36333333333334,12.0,0.0,-1.0,4.846939,23.6429,0.879407,1.21012,1.755587,28.75,4250.4,13.0,2.350453,0.8593582536800892,4.591837,4.071247,3.816794,4.627249,6.644127,7.542404,11.41154,11.139908,4.159959333333333,4.254249166666667,4.942872666666667
2004-12-01,45.809029,42.553685,4.834606,5518.833333333333,615.1266010295097,4598.0,6208.0,1610.0,0.11145953571639715,-0.24523965856861463,-0.18790448706622964,0.2222222222222222,0.2222222222222222,0.0,4598.0,0.3328027633548123,5122.390331890332,4575.892135642135,515.6552700301423,39.6,-0.08333333333333337,0.32841328413284154,44.163333333333334,12.0,0.0,-1.0,4.834606,23.202918,1.639353,1.297636,1.753022,29.81,4609.0,13.0,1.613104,0.8713987782145691,4.846939,4.591837,4.071247,4.591837,6.03053,6.644127,11.292112,11.037445,4.503341,4.290864166666666,4.793107
2005-01-01,46.029,42.65697,4.822335,4501.9,163.0533977760531,4292.0,4776.0,484.0,0.03621879601413917,0.007181328545780907,-0.03726910101864778,0.1,0.5,0.0,4488.0,-0.00826724572004034,5109.880808080808,4696.473953823954,536.8869006925923,44.51,-0.10586580956207314,0.42295396419437337,42.406666666666666,12.0,0.0,0.0,4.822335,20.135589,1.041113,1.245711,1.750465,31.28,5229.476190476191,12.0,1.317622,0.25631093264972904,4.834606,4.846939,4.591837,3.826531,5.630027,6.03053,10.330383,10.723638,4.757794,4.331325666666666,4.6934466666666665
2005-02-01,46.193979,42.553685,4.040404,4532.25,247.28800064531617,4175.0,4880.0,705.0,0.05456186235210241,0.05727069351230418,0.10126113278246152,0.0,0.55,0.0,4726.0,-0.1462935374499127,4850.9944444444445,4757.015620490621,578.5644879866582,45.48,0.05497564370215713,0.47375243033052494,43.19666666666666,12.0,0.0,0.0,4.040404,18.845709,1.100071,1.10685,1.747915,30.86,5450.05,12.0,2.421281,0.28224402409185023,4.822335,4.834606,4.846939,3.816794,5.039788,5.630027,9.664176,10.900273,4.834626666666666,4.497293,4.626138999999999
2005-03-01,46.303965,42.553685,3.0,4677.9047619047615,59.61703176266389,4575.0,4791.0,216.0,0.012744387668634125,-0.005575809564657974,-0.012456533498184097,0.0,0.42857142857142855,0.0,4637.0,-0.15237433722620808,4570.684920634921,4846.537626262626,94.08693531225121,53.1,0.34090909090909083,0.5789473684210527,47.696666666666665,12.0,0.0,0.0,3.0,19.13633,0.46393,0.859967,1.745373,33.63,5131.173913043478,12.0,2.133007,0.1132944050864566,4.040404,4.822335,4.834606,4.071247,5.263158,5.039788,8.732615,10.782214,4.565781666666667,4.534561333333333,4.542857
2005-04-01,46.633922,42.966827,2.463054,4532.476190476191,305.6587343832365,3850.0,4835.0,985.0,0.06743747160227738,-0.1679273827534039,-0.08183850883787269,0.047619047619047616,0.47619047619047616,0.0,3850.0,0.006791841328370518,4580.876984126983,4845.378896103895,84.0285965365809,51.88,0.16558076836665925,0.5445072938374516,50.153333333333336,12.0,0.0,0.0,2.463054,21.725574,0.832279,0.914554,1.742838,33.59,4490.0,12.0,2.147245,-0.14140540343656383,3.0,4.040404,4.822335,4.591837,5.181347,5.263158,7.542404,11.533088,3.9542463333333333,4.356020166666666,4.3542605
2005-05-01,47.348828,42.863541,1.965602,3667.4,255.4884692011302,3219.0,4024.0,805.0,0.06966474047039597,-0.15622542595019662,-0.10795098318609286,0.0,0.2,0.0,3219.0,-0.1908213359810249,4292.59365079365,4571.794047619048,546.2945113136892,48.65,0.0697009674582234,0.29491615650785197,51.21,12.0,0.0,0.0,1.965602,20.005455,-1.853283,0.681473,1.74031,37.57,3595.684210526316,12.0,1.719126,-0.3402474820366206,2.463054,3.0,4.040404,4.846939,4.627249,5.181347,6.644127,11.41154,3.1678193333333335,4.001223,4.127736083333333
2005-06-01,48.063735,43.689827,3.170732,2746.090909090909,223.10469656129075,2510.0,3180.0,670.0,0.08124446857265528,-0.20723270440251573,-0.12250606004102182,0.0,0.18181818181818182,0.0,2521.0,-0.41296562267489423,3648.6556998557003,4109.670310245309,893.3401395764216,54.35,0.02354048964218447,0.544911881750995,51.626666666666665,12.0,0.0,0.0,3.170732,16.063624,-0.863584,0.726213,1.73779,35.18,2901.590909090909,12.0,1.445659,-0.43451713813187154,1.965602,2.463054,3.0,4.834606,4.591837,4.627249,6.03053,11.292112,2.4762186666666666,3.5210001666666666,3.9059321666666666
2005-07-01,48.503678,44.412826,5.651106,2220.095238095238,211.47125212706922,1804.0,2486.0,682.0,0.09525323441011654,-0.2743362831858407,-0.14228889906856013,0.09523809523809523,0.0,0.0,1804.0,-0.510180496312328,2877.8620490620488,3729.369516594517,732.5950405613062,57.52,0.10871241326137238,0.5049712192569338,53.50666666666667,12.0,0.0,0.0,5.651106,15.850993,0.471366,2.081051,1.735277,38.22,3778.409090909091,12.0,0.889891,-0.15848349868394407,3.170732,1.965602,2.463054,4.822335,3.826531,4.591837,5.630027,10.330383,2.5331293333333336,3.243687833333334,3.78750675
2005-08-01,49.32857,44.825969,6.372549,2206.590909090909,345.2538967872097,1747.0,2634.0,887.0,0.1564648414732437,0.4652345958168458,0.3199522102747909,0.2727272727272727,0.6818181818181818,0.0,2592.0,-0.3983228147758878,2390.9256854256855,3341.759668109668,307.6562104059364,63.98,0.31510791366906465,0.4969583528310715,58.61666666666667,12.0,0.0,0.0,6.372549,9.189838,1.163317,2.402655,1.732772,42.74,4169.0,12.0,0.639222,0.1594455341198513,5.651106,3.170732,1.965602,4.040404,3.816794,3.826531,5.039788,9.664176,3.5958133333333335,3.381816333333333,3.9395546666666665
2005-09-01,49.768513,45.342397,7.334963,2803.5454545454545,231.94595578911571,2418.0,3073.0,655.0,0.08273308193132958,0.14089481946624804,0.14853520047375213,0.045454545454545456,0.5454545454545454,0.0,2907.0,0.020922302777501844,2410.0772005772,3029.36645021645,340.8203953493471,62.91,0.15749770009199615,0.4562499999999998,61.47,12.0,0.0,0.0,7.334963,5.682105,2.5788,2.690767,1.730273,43.2,4140.772727272727,12.0,0.848864,0.4270697893005404,6.372549,5.651106,3.170732,3.0,4.071247,3.816794,5.263158,8.732615,5.064795666666666,3.770507166666667,4.1525342499999995
2005-10-01,50.648398,45.755539,8.04878,3161.4285714285716,117.39359924142859,2944.0,3370.0,426.0,0.03713308606823317,0.057404891304347894,0.011621481659352062,0.0,0.6190476190476191,0.0,3113.0,0.42400583415554904,2723.8549783549784,2800.858513708514,482.38124896311297,58.54,0.01773296244784417,0.17597428686219363,61.809999999999995,12.0,0.0,0.0,8.04878,4.950735,2.338098,2.179266,1.727782,49.78,4539.428571428572,12.0,1.038646,0.20141267454350165,7.334963,6.372549,5.651106,2.463054,4.591837,4.071247,5.181347,7.542404,6.452872666666667,4.4930010000000005,4.424510583333333
2005-11-01,50.813377,46.168682,8.759124,2915.5,109.64868140262031,2739.0,3081.0,342.0,0.03760887717462538,-0.100941252839987,-0.056686663030964035,0.0,0.2727272727272727,0.0,2770.0,0.3212689257390051,2960.158008658009,2675.541847041847,183.07330400817276,55.24,-0.13660518912160047,0.2813732312688473,58.89666666666667,12.0,0.0,0.0,8.759124,6.188752,4.076701,1.942944,1.725298,43.11,5308.909090909091,12.0,1.21012,0.27342506378246356,8.04878,7.334963,6.372549,1.965602,4.846939,4.591837,4.627249,6.644127,7.252097333333334,5.423955333333335,4.712589166666667
2005-12-01,50.978355,46.271968,8.737864,2600.0,123.75883806823657,2407.0,2772.0,365.0,0.047599553103167914,-0.13167388167388172,-0.0785966820777807,0.0,0.058823529411764705,0.0,2407.0,-0.07260287298550538,2892.3095238095243,2651.193362193362,281.431801407621,56.86,-0.09616913050389442,0.4358585858585857,56.879999999999995,12.0,0.0,0.0,8.737864,6.549924,4.568877,3.447806,1.722821,39.6,5518.833333333333,12.0,1.297636,0.3328027633548123,8.759124,8.04878,7.334963,3.170732,4.834606,4.846939,4.591837,6.03053,8.047622333333335,6.556209,5.038604583333334
2006-01-01,51.858241,47.201538,10.653753,2261.7619047619046,180.60119179061493,2033.0,2497.0,464.0,0.07984978056725507,-0.14643150123051685,-0.13166681809921865,0.0,0.38095238095238093,0.0,2081.0,-0.28457599035999404,2592.4206349206347,2658.137806637807,326.9349466983298,62.99,0.07601639904338908,0.4151875982925186,58.36333333333334,12.0,0.0,0.0,10.653753,10.918882,4.772894,3.569493,1.720351,44.51,4501.9,12.0,1.245711,-0.00826724572004034,8.737864,8.759124,8.04878,5.651106,4.822335,4.834606,3.826531,5.630027,8.515255999999999,7.484064333333333,5.363876083333333
2006-02-01,52.24319,47.717967,12.135922,2443.7,247.6459909671571,2087.0,2798.0,711.0,0.10134058639242015,0.2841399137517968,0.19785997560174096,0.2,0.8,0.0,2680.0,-0.16182472989195684,2435.153968253968,2697.6559884559883,169.2809152312478,60.21,0.08997103548153507,0.3238786279683379,60.02,12.0,0.0,0.0,12.135922,11.926192,4.443691,3.797815,1.717888,45.48,4532.25,12.0,1.10685,-0.1462935374499127,10.653753,8.737864,8.759124,6.372549,4.040404,4.822335,3.816794,5.039788,9.383580333333333,8.317838833333333,5.849827583333334
2006-03-01,52.683133,48.440966,13.834951,2598.8260869565215,84.47304689765791,2493.0,2708.0,215.0,0.032504309280881535,-0.07828655834564258,-0.05836866203154145,0.0,0.391304347826087,0.0,2496.0,-0.00045150501672253096,2434.762663906142,2663.536093857833,168.70972915624765,62.06,0.09145269081955676,0.16873822975517894,61.75333333333333,12.0,0.0,0.0,13.834951,11.067721,5.590997,4.384887,1.715432,53.1,4677.9047619047615,12.0,0.859967,-0.15237433722620808,12.135922,10.653753,8.737864,7.334963,3.0,4.040404,4.071247,5.263158,10.509179666666666,9.278401,6.524454083333333
2006-04-01,53.288054,49.163966,14.423077,2465.4444444444443,55.73173372317472,2368.0,2516.0,148.0,0.022605146852430147,-0.05582137161084533,-0.035067522692052266,0.0,0.2222222222222222,0.0,2368.0,0.09005481047925845,2502.656843800322,2547.5387393604783,83.99165263869052,70.26,0.11541514526115271,0.35427910562837317,64.17666666666666,12.0,0.0,0.0,14.423077,6.591961,4.907879,4.734209,1.712984,51.88,4532.476190476191,12.0,0.914554,0.006791841328370518,13.834951,12.135922,10.653753,8.04878,2.463054,3.0,4.591837,5.181347,12.208208666666666,10.361732333333334,7.427366666666667
2006-05-01,53.78299,49.78368,16.144578,2441.8571428571427,45.63253851615721,2364.0,2502.0,138.0,0.018687636436734364,0.030456852791878264,0.017163077408521854,0.0,0.5238095238095238,0.0,2436.0,-0.0007541257694713144,2502.042558086036,2468.598263170002,84.64265351767115,69.78,0.1589436970602891,0.4343268242548819,67.36666666666666,12.0,0.0,0.0,16.144578,5.313731,7.605041,5.320175,1.710542,48.65,3667.4,12.0,0.681473,-0.1908213359810249,14.423077,13.834951,12.135922,8.759124,1.965602,2.463054,4.846939,4.627249,13.464649999999999,11.424115166666667,8.42403525
2006-06-01,54.057954,49.886965,14.184397,2718.4545454545455,130.86151432233973,2478.0,2964.0,486.0,0.04813820210499739,0.19612590799031482,0.07551622418879056,0.0,1.0,0.0,2964.0,0.04603172913279496,2541.918710918711,2488.340687412426,153.3387291439839,68.56,0.10473735095069281,0.2614535418583257,69.53333333333335,12.0,0.0,0.0,14.184397,5.401554,7.381686,6.39371,1.708107,54.35,2746.090909090909,12.0,0.726213,-0.41296562267489423,16.144578,14.423077,13.834951,8.737864,3.170732,1.965602,4.834606,4.591837,14.800868666666666,12.655024166666665,9.605616583333335
2006-07-01,54.277925,50.093536,12.790698,3049.809523809524,154.48256181447118,2849.0,3285.0,436.0,0.050653183619646734,0.10124036205162579,0.09247794386506625,0.0,0.7142857142857143,0.0,3285.0,0.2370222053398403,2736.7070707070707,2619.6819572536965,304.3869090236784,73.67,0.04853401651010536,0.28077190542420016,70.67,12.0,0.0,0.0,12.790698,5.379269,6.188866,6.115819,1.705679,57.52,2220.095238095238,12.0,2.081051,-0.510180496312328,14.184397,16.144578,14.423077,10.653753,5.651106,3.170732,4.822335,3.826531,14.917350666666666,13.562779666666666,10.523422
2006-08-01,54.607882,50.609965,12.903226,3686.7272727272725,122.74137805746638,3337.0,3847.0,510.0,0.03329277404527618,0.15283188492658084,0.030288617987934696,0.09090909090909091,0.7272727272727273,0.0,3847.0,0.5098046515585859,3151.6637806637805,2826.8531693749082,492.10642733512515,73.23,0.049441100601891774,0.14457643013441723,71.82000000000001,12.0,0.0,0.0,12.903226,6.407917,6.598681,6.526437,1.703258,63.98,2206.590909090909,12.0,2.402655,-0.3983228147758878,12.790698,14.184397,16.144578,12.135922,6.372549,5.651106,4.040404,3.816794,14.373224333333333,13.918937166666668,11.118388000000001
2006-09-01,54.992832,50.71325,11.845103,4039.1428571428573,153.33078155226553,3875.0,4279.0,404.0,0.03796121775715706,0.017806451612903285,0.02683382721677674,0.0,0.5238095238095238,0.0,3944.0,0.4858232093292121,3591.8932178932178,3066.905964405965,501.4381662561305,61.96,-0.0962660443407235,-0.015100937847718932,69.62,12.0,0.0,0.0,11.845103,7.727316,6.592764,7.242665,1.700844,62.91,2803.5454545454545,12.0,2.690767,0.020922302777501844,12.903226,12.790698,14.184397,13.834951,7.334963,6.372549,3.0,4.071247,13.292773666666667,14.046821166666666,11.662611083333333
2006-10-01,55.322789,51.023107,11.512415,4027.6363636363635,77.71593294663735,3931.0,4182.0,251.0,0.019295667714269837,0.020475227502527726,0.004671346310217261,0.0,0.5454545454545454,0.0,4037.0,0.32061898692133206,3917.835497835498,3327.271284271284,200.228266317986,57.81,-0.2152843762725668,-0.012470105910488472,64.33333333333333,12.0,0.0,0.0,11.512415,8.431246,7.211866,8.343396,1.698437,58.54,3161.4285714285716,12.0,2.179266,0.42400583415554904,11.845103,12.903226,12.790698,14.423077,8.04878,7.334963,2.463054,4.591837,12.513009000000002,13.715179833333336,12.038456083333335
2006-11-01,55.267796,50.816536,10.067114,4190.090909090909,61.759833680775536,4100.0,4336.0,236.0,0.014739497309421165,0.05756097560975615,0.000998523921160066,0.0,0.7272727272727273,0.0,4336.0,0.13653400404399085,4085.6233766233768,3618.643578643578,90.65428204498292,58.76,-0.19759661340980483,0.06372194062273717,59.51,12.0,0.0,0.0,10.067114,8.185602,8.07122,8.023461,1.696036,55.24,2915.5,12.0,1.942944,0.3212689257390051,11.512415,11.845103,12.903226,16.144578,8.759124,8.04878,1.965602,4.846939,12.086914666666667,13.230069499999999,12.327092333333333
2006-12-01,55.322789,50.71325,9.598214,4335.8125,43.743523330126635,4270.0,4407.0,137.0,0.010088887222435618,0.006408789196612474,0.004699311271627815,0.0,0.6875,0.0,4397.0,0.07344866308269071,4184.513257575757,3888.2032377344876,154.16376164105182,62.47,0.008231116849580333,0.0986633837495603,59.68,12.0,0.0,0.0,9.598214,9.791994,8.444227,6.942427,1.693642,56.86,2600.0,12.0,3.447806,-0.07260287298550538,10.067114,11.512415,11.845103,14.184397,8.737864,8.759124,3.170732,4.834606,11.141544000000001,12.217158833333334,12.436091500000002
2007-01-01,55.707739,51.229679,8.533917,4461.681818181818,127.61787692491406,4225.0,4647.0,422.0,0.028603087832229077,-0.044333861117394235,-0.041885676741130085,0.0,0.5,0.0,4225.0,0.10776679306608883,4329.195075757576,4123.515286796536,135.91632794813572,53.68,-0.07144092717522921,-0.14780123829179237,58.303333333333335,12.0,0.0,0.0,8.533917,6.168138,8.709328,7.715413,1.691255,62.99,2261.7619047619046,12.0,3.569493,-0.28457599035999404,9.598214,10.067114,11.512415,12.790698,10.653753,8.737864,5.651106,4.822335,10.392581,11.452795,12.507787333333333
2007-02-01,56.037696,51.746107,8.441558,4397.75,147.44771597881203,4219.0,4765.0,546.0,0.03352798953528782,0.1294145532116615,0.045339277009037504,0.0,0.85,0.0,4765.0,0.04955956694365504,4398.414772727273,4242.019074675324,62.937292259583934,57.56,-0.02042205582028589,-0.044012622487958786,57.903333333333336,12.0,0.0,0.0,8.441558,4.149294,9.485265,7.343752,1.688875,60.21,2443.7,12.0,3.797815,-0.16182472989195684,8.533917,9.598214,10.067114,12.903226,12.135922,10.653753,6.372549,4.040404,9.399748333333333,10.743331500000002,12.331134333333333
2007-03-01,56.092689,52.469106,8.315565,5123.136363636364,183.1401481183573,4818.0,5388.0,570.0,0.035747662197374304,0.11830635118306354,0.06136035261627382,0.0,0.8636363636363636,0.0,5388.0,0.18158623409945984,4660.856060606061,4422.684659090909,401.620627298131,62.05,-0.006723227149031508,-0.00016113438607812114,57.76333333333333,12.0,0.0,0.0,8.315565,3.072616,9.531437,7.519754,1.686501,62.06,2598.8260869565215,12.0,4.384887,-0.00045150501672253096,8.441558,8.533917,9.598214,11.845103,13.834951,12.135922,7.334963,3.0,8.857896333333334,9.999720166666668,12.023270666666669
2007-04-01,56.587624,53.08882,7.983193,5753.684210526316,285.96387740637203,5417.0,6248.0,831.0,0.0497010032082059,0.15340594424958454,0.07630820248215109,0.0,0.9473684210526315,0.0,6248.0,0.2895774385074825,5091.523524720894,4710.3593002392345,678.5196566844029,67.49,0.2572652757078986,-0.03942499288357548,62.36666666666667,12.0,0.0,0.0,7.983193,2.656436,11.409228,8.420508,1.684135,70.26,2465.4444444444443,12.0,4.734209,0.09005481047925845,8.315565,8.441558,8.533917,11.512415,14.423077,13.834951,8.04878,2.463054,8.430346666666667,9.411463833333334,11.563321833333333
2007-05-01,57.192545,54.121676,8.713693,6402.238095238095,214.78335707449605,5971.0,6688.0,717.0,0.033548167668779647,-0.04540367705835335,-0.016865041666490832,0.0,0.47619047619047616,0.0,5971.0,0.4557985549970087,5759.686223133592,5079.050497930432,639.5719881789146,67.21,0.1676511466296038,-0.036830037259959925,65.58333333333333,12.0,0.0,0.0,8.713693,2.7774,11.991069,9.035982,1.681774,69.78,2441.8571428571427,12.0,5.320175,-0.0007541257694713144,7.983193,8.315565,8.441558,10.067114,16.144578,14.423077,8.759124,1.965602,8.246772,8.823260166666666,11.026664833333333
2007-06-01,57.577495,55.670961,11.594203,5772.142857142857,342.95995184777564,5254.0,6278.0,1024.0,0.05941640051811483,0.049306368042787874,0.023733753822629877,0.09523809523809523,0.5714285714285714,0.0,6278.0,0.12668147935961493,5976.021720969089,5318.4388907875755,369.22957449259104,71.05,0.14504431909750193,0.036318553092181904,68.58333333333333,12.0,0.0,0.0,11.594203,5.387426,11.915572,9.142039,1.679421,68.56,2718.4545454545455,12.0,6.39371,0.04603172913279496,8.713693,7.983193,8.315565,9.598214,14.184397,16.144578,8.737864,3.170732,8.337483666666666,8.59769,10.407424416666666
2007-07-01,58.402388,56.600532,12.989691,6572.136363636364,243.5918317995916,6201.0,6967.0,766.0,0.03706433012366959,0.10517131979695438,0.0576420059219267,0.0,0.6363636363636364,0.0,6967.0,0.14224836177360878,6248.839105339105,5670.1813150299995,421.4805335771201,76.93,0.13987257371462447,0.04425139133975842,71.73,12.0,0.0,0.0,12.989691,7.197933,13.169324,9.783714,1.677074,73.67,3049.809523809524,12.0,6.115819,0.2370222053398403,11.594203,8.713693,7.983193,8.533917,12.790698,14.184397,10.653753,5.651106,9.430363,8.930354833333332,10.191574916666667
2007-08-01,58.567366,57.013674,12.653061,7195.090909090909,215.9201592059323,6917.0,7702.0,785.0,0.030009371936235,0.1013871013871015,0.04882215894382602,0.0,0.6818181818181818,0.0,7702.0,0.12383994504086426,6513.123376623375,6136.4047998784845,713.3072193051329,70.76,0.05281952090462738,-0.03372934589649046,72.91333333333334,12.0,0.0,0.0,12.653061,6.925174,13.539398,10.772167,1.674733,73.23,3686.7272727272725,12.0,6.526437,0.5098046515585859,12.989691,11.594203,8.713693,8.441558,12.903226,12.790698,12.135922,6.372549,11.099195666666667,9.672983833333333,10.208157666666667
2007-09-01,58.732345,57.11696,12.627291,8574.05,486.2908459369816,7783.0,9474.0,1691.0,0.05671658620336733,0.21726840549916493,0.07936411699083279,0.05,0.75,0.0,9474.0,0.48541888380150966,7447.092424242425,6711.557072605757,1024.4721199689352,77.17,0.08613652357494739,0.24548095545513227,74.95333333333333,12.0,0.0,0.0,12.627291,7.2724,13.265384,11.652687,1.672399,61.96,4039.1428571428573,12.0,7.242665,0.4858232093292121,12.653061,12.989691,11.594203,8.315565,11.845103,12.903226,13.834951,7.334963,12.412318333333333,10.374901,10.187310583333334
2007-10-01,59.337266,57.633388,12.955466,10425.91304347826,585.3540430638755,9513.0,11033.0,1520.0,0.056144151655862215,0.11733249449512417,0.09224403439987583,0.043478260869565216,0.7391304347826086,0.0,10656.0,0.5863811197169988,8731.68465085639,7490.261878097747,1621.1691547690973,82.34,0.07032367086962177,0.42432105172115553,76.75666666666667,12.0,0.0,0.0,12.955466,7.096731,13.124557,12.133226,1.670071,57.81,4027.6363636363635,12.0,8.343396,0.32061898692133206,12.627291,12.653061,12.989691,7.983193,11.512415,11.845103,14.423077,8.04878,12.756681,11.093522,10.252492916666666
2007-11-01,59.502244,58.459673,15.04065,10542.681818181818,362.8065713642853,9897.0,11039.0,1142.0,0.034413119699637736,-0.035062848502031896,-0.04312170428179707,0.0,0.4090909090909091,0.0,10210.0,0.46526040482146924,9847.548287220025,8180.3358319217,1104.42616428201,92.41,0.3059638213680045,0.5726684819605175,83.97333333333333,12.0,0.0,0.0,15.04065,7.98178,13.376231,12.831588,1.66775,58.76,4190.090909090909,12.0,8.023461,0.13653400404399085,12.955466,12.627291,12.653061,8.713693,10.067114,11.512415,16.144578,8.759124,12.745272666666665,11.922234166666668,10.372747166666667
2007-12-01,59.832201,58.562959,15.478615,9854.125,350.6011741756341,9143.0,10285.0,1142.0,0.03557912794648273,-0.10973709834469325,-0.05729606275755916,0.0,0.25,0.0,9143.0,0.14929642351047656,10274.239953886694,8860.666189064557,368.4849624419292,90.93,0.17830763249967618,0.45557867776532746,88.56,12.0,0.0,0.0,15.478615,7.475957,13.051299,13.119011,1.665436,62.47,4335.8125,12.0,6.942427,0.07344866308269071,15.04065,12.955466,12.627291,11.594203,9.598214,10.067114,14.184397,8.737864,13.541135666666667,12.976726999999999,10.7872085
2008-01-01,60.38213,60.525386,18.145161,7169.818181818182,1210.888128856692,5615.0,8891.0,3276.0,0.16888686688420668,-0.31931166347992357,-0.2629583612093409,0.36363636363636365,0.18181818181818182,0.0,6052.0,-0.31230788594547787,9188.875,8960.279825428193,1782.1252619417671,92.18,0.1195044935632743,0.7172131147540985,91.83999999999999,12.0,0.0,0.0,18.145161,10.630013,15.037723,13.198402,1.663128,53.68,4461.681818181818,12.0,7.715413,0.10776679306608883,15.478615,15.04065,12.955466,12.989691,8.533917,9.598214,12.790698,10.653753,14.491577,13.624129000000002,11.277241916666666
2008-02-01,61.097036,61.248386,18.363273,6874.238095238095,539.6605326278645,6002.0,7613.0,1611.0,0.07850477756970577,0.24111509618519733,0.11963489467578037,0.23809523809523808,0.6666666666666666,0.0,7613.0,-0.3479611531685568,7966.060425685425,8906.804356452727,1641.7773218320185,94.99,0.027919056379179796,0.6502779708130644,92.7,12.0,0.0,0.0,18.363273,14.86029,15.162978,13.560477,1.660826,57.56,4397.75,12.0,7.343752,0.04955956694365504,18.145161,15.478615,15.04065,12.653061,8.441558,8.533917,12.903226,12.135922,16.221475333333334,14.483373999999998,12.078178916666666
2008-03-01,61.646965,61.8681,17.913386,8062.578947368421,305.4932833939732,7619.0,8624.0,1005.0,0.03789026878225911,0.02576796141152582,-0.04960879781023675,0.10526315789473684,0.5263157894736842,0.0,8081.0,-0.18180671065483534,7368.878408141566,8821.559181014129,618.6737633748372,103.64,0.13977785109424823,0.6702659145850123,96.93666666666667,12.0,0.0,0.0,17.913386,16.911379,15.300107,14.740143,1.65853,62.05,5123.136363636364,12.0,7.519754,0.18158623409945984,18.363273,18.145161,15.478615,12.627291,8.315565,8.441558,11.845103,13.834951,17.329016333333332,15.435076,12.904988500000002
2008-04-01,62.9118,62.900956,18.48249,8286.863636363636,630.9088905210706,7655.0,9356.0,1701.0,0.07613361558799828,0.18580481622306722,0.12342616210675894,0.09090909090909091,0.8181818181818182,0.0,9356.0,0.15579829588679805,7741.22689299005,8465.050946495025,759.1627539598759,109.07,0.183228466044695,0.6160912727811527,102.56666666666666,12.0,0.0,0.0,18.48249,22.850591,16.33205,14.651854,1.656241,67.49,5753.684210526316,12.0,8.420508,0.2895774385074825,17.913386,18.363273,18.145161,12.955466,7.983193,8.315565,11.512415,14.423077,18.140606666666667,16.316091833333335,13.704806916666668
2008-05-01,64.121642,64.140384,18.51145,10843.65,775.8461781211937,9439.0,11793.0,2354.0,0.07154843416388336,0.2119927958470178,0.13191188180129165,0.1,0.7,0.0,11440.0,0.5774329969035528,9064.364194577352,8515.212310131388,1544.9820026341047,122.8,0.29276765975365837,0.8271090611516145,111.83666666666666,12.0,0.0,0.0,18.51145,25.457266,15.957511,15.530146,1.653958,67.21,6402.238095238095,12.0,9.035982,0.4557985549970087,18.48249,17.913386,18.363273,15.04065,8.713693,7.983193,10.067114,16.144578,18.253049666666666,17.2372625,14.579748333333335
2008-06-01,65.881413,65.792954,18.181818,10245.095238095239,1026.1430653062907,9139.0,11689.0,2550.0,0.1001594461992596,-0.16311747250829112,-0.15840677792325208,0.09523809523809523,0.42857142857142855,0.0,9589.0,0.27069704432961594,9791.869624819627,8580.374016480595,1337.291748167161,132.32,0.27672713238131985,0.862350457424349,121.39666666666666,12.0,0.0,0.0,18.181818,22.801297,16.797039,16.867649,1.651682,71.05,5772.142857142857,12.0,9.142039,0.12668147935961493,18.51145,18.48249,17.913386,15.478615,11.594203,8.713693,9.598214,14.184397,18.302442,17.815729166666667,15.396228083333334
2008-07-01,67.146248,67.032382,18.430657,8935.739130434782,300.91273537073903,8341.0,9379.0,1038.0,0.033675192502637175,-0.11067277961403132,-0.04309458930856391,0.0,0.17391304347826086,0.0,8341.0,0.07830169803009812,10008.161456176675,8874.694174583363,975.7736337450023,132.72,0.21683322636838742,0.7252047315741581,129.28,12.0,0.0,0.0,18.430657,20.775104,18.298604,17.640752,1.649412,76.93,6572.136363636364,12.0,9.783714,0.14224836177360878,18.181818,18.51145,18.48249,18.145161,12.989691,11.594203,8.533917,12.790698,18.391919333333334,18.266263,15.945195999999997
2008-08-01,67.366219,67.755381,18.84058,7402.5,432.32121342694643,6809.0,8280.0,1471.0,0.05840205517419067,-0.17765700483091784,-0.04997939200409762,0.15,0.2,0.0,6809.0,-0.3173424077686019,8861.111456176674,8962.737825377013,1422.766280607709,113.24,-0.07785016286644952,0.6003391746749573,126.09333333333332,12.0,0.0,0.0,18.84058,21.675866,18.10846,17.253385,1.647148,70.76,7195.090909090909,12.0,10.772167,0.12383994504086426,18.430657,18.181818,18.51145,18.363273,12.653061,12.989691,8.441558,12.903226,18.374641666666665,18.313845666666666,16.39860983333333
2008-09-01,66.981269,68.788238,20.433996,4975.090909090909,873.3387445719802,3217.0,6691.0,3474.0,0.1755422685796839,-0.5192049021073083,-0.20726254238120967,0.5909090909090909,0.18181818181818182,0.0,3217.0,-0.5143929076821472,7104.443346508564,8448.156485664094,1997.075839778368,97.23,-0.2651904474002418,0.2599455747051964,114.39666666666666,12.0,0.0,0.0,20.433996,22.136075,18.595603,16.870374,1.64489,77.17,8574.05,12.0,11.652687,0.48541888380150966,18.84058,18.430657,18.181818,17.913386,12.627291,12.653061,8.315565,11.845103,18.48435166666667,18.39339683333333,16.914236416666668
2008-10-01,67.091255,72.093378,25.089606,1807.5217391304348,808.0250260281219,851.0,3025.0,2174.0,0.4470347484821111,-0.7186776859504131,-0.5467905628047977,0.8260869565217391,0.043478260869565216,0.0,851.0,-0.7977199521219139,4728.370882740449,7368.2661694585595,2805.636917609358,71.58,-0.4606690777576854,-0.1306776779208162,94.01666666666667,12.0,0.0,0.0,25.089606,22.667416,17.920372,15.954715,1.642638,82.34,10425.91304347826,12.0,12.133226,0.5863811197169988,20.433996,18.84058,18.430657,18.48249,12.955466,12.627291,7.983193,11.512415,19.23507766666667,18.813498499999998,17.564795166666666
2008-11-01,69.016004,72.609806,24.204947,818.95,39.24078839274525,715.0,865.0,150.0,0.047915975813841195,-0.13542926239419584,-0.021142926180983457,0.1,0.35,0.0,715.0,-0.8893684566024992,2533.854216073782,5697.4828361252285,2171.185382308881,52.45,-0.5368244436594842,-0.4324207336868304,73.75333333333333,12.0,0.0,0.0,24.204947,23.87361,17.029174,15.558155,1.640393,92.41,10542.681818181818,12.0,12.831588,0.46526040482146924,25.089606,20.433996,18.84058,18.51145,15.04065,12.955466,8.713693,10.067114,21.454727333333334,19.9146845,18.5759735
2008-12-01,68.026133,73.22952,25.044092,743.0,66.26595257436684,663.0,836.0,173.0,0.08918701557788268,0.10571428571428565,0.15654205607476634,0.16666666666666666,0.4444444444444444,0.0,774.0,-0.8506559953221504,1123.1572463768123,4113.800296442688,593.8923891004733,39.95,-0.5891185847989304,-0.5606510502584405,54.660000000000004,12.0,0.0,0.0,25.044092,20.974391,16.513859,15.557474,1.638153,90.93,9854.125,12.0,13.119011,0.14929642351047656,24.204947,25.089606,20.433996,18.181818,15.478615,15.04065,11.594203,9.598214,23.242849666666668,20.863600666666667,19.339664916666667
2009-01-01,68.081126,74.055805,22.354949,904.5238095238095,89.04696460161854,772.0,1070.0,298.0,0.09844623620078913,0.38421733505821476,0.1393292354146447,0.2857142857142857,0.7619047619047619,0.0,1070.0,-0.49957790828067206,822.157936507937,2775.2644096241925,80.8096739461111,43.44,-0.39312657166806375,-0.5287481015404644,45.28,12.0,0.0,0.0,22.354949,18.010781,15.27603,15.962441,1.63592,92.18,7169.818181818182,12.0,13.198402,-0.31230788594547787,25.044092,24.204947,25.089606,18.430657,18.145161,15.478615,12.989691,8.533917,24.779548333333334,22.007313,20.136788
2009-02-01,68.246105,74.262377,21.247892,1815.85,308.9417037497357,1099.0,2099.0,1000.0,0.17013613665761806,0.8070973612374885,0.20852590610557042,0.65,0.65,0.0,1986.0,1.2172904328713594,1154.4579365079371,1844.1560762908587,578.4479937717074,43.32,-0.17407054337464256,-0.5439519949468365,42.23666666666667,12.0,0.0,0.0,21.247892,18.760136,15.544073,15.925059,-2.4193,94.99,6874.238095238095,12.0,13.560477,-0.3479611531685568,22.354949,25.044092,24.204947,18.84058,18.363273,18.145161,12.653061,8.441558,23.867996,22.661361666666664,20.48760366666667
2009-03-01,68.851026,75.191947,21.535893,1957.8181818181818,227.15374201369104,1615.0,2298.0,683.0,0.11602392097653239,-0.19811320754716977,-0.17758403296737102,0.3181818181818182,0.3181818181818182,0.0,1615.0,1.635017741343448,1559.3973304473311,1341.2772884120711,571.5621028963432,46.54,0.16495619524405503,-0.550945580856812,44.43333333333334,12.0,0.0,0.0,21.535893,19.121776,15.266354,14.746544,-7.994091,103.64,8062.578947368421,12.0,14.740143,-0.18180671065483534,21.247892,22.354949,25.044092,20.433996,17.913386,18.363273,12.627291,8.315565,22.882311,23.062580333333333,20.727988583333335
2009-04-01,69.290968,75.501804,20.032841,1659.15,159.08034216444813,1463.0,1897.0,434.0,0.0958806269261056,0.1346886912325287,0.18741227746177147,0.25,0.5,0.0,1786.0,0.8342800737036062,1810.9393939393947,1316.5486652236652,149.3946325895891,50.18,0.1551565377532229,-0.5399284862932061,46.68,12.0,0.0,0.0,20.032841,16.750075,12.412468,13.895216,-10.836376,109.07,8286.863636363636,12.0,14.651854,0.15579829588679805,21.535893,21.247892,22.354949,25.089606,18.48249,17.913386,12.955466,7.983193,21.712911333333334,23.246229833333334,21.029864166666666
2009-05-01,69.51094,75.708376,18.035427,2537.6315789473683,458.81008059814855,1806.0,3494.0,1688.0,0.18080247913232028,0.9346622369878184,0.32931446388079055,0.5789473684210527,0.9473684210526315,0.0014924245286583291,3494.0,0.39748964889576155,2051.5332535885173,1602.9955950482265,446.6758972064366,57.3,0.32271468144044313,-0.5333876221498371,51.34,12.0,0.0,0.0,18.035427,13.501506,12.185273,12.304251,-11.635691,122.8,10843.65,12.0,15.530146,0.5774329969035528,20.032841,21.535893,21.247892,24.204947,18.51145,18.48249,15.04065,8.713693,20.938875333333332,22.403435666666667,21.159060083333333
2009-06-01,70.500811,75.811661,15.22763,3822.5454545454545,229.2392651633675,3452.0,4291.0,839.0,0.05997031765594184,0.02064656343384952,0.03007845503922746,0.5,0.5,0.0,3757.0,0.9524517087667161,2673.1090111642748,2116.2531708058023,1088.0420829026168,68.61,0.4742157284056725,-0.4814842805320435,58.69666666666666,12.0,0.0,0.0,15.22763,12.885065,11.477743,10.10989,-12.940969,132.32,10245.095238095239,12.0,16.867649,0.27069704432961594,18.035427,20.032841,21.535893,25.044092,18.181818,18.51145,15.478615,11.594203,19.86805366666667,21.37518233333333,21.119391500000003
2009-07-01,71.160725,76.947803,14.791988,3361.8695652173915,208.8286170627671,2975.0,3742.0,767.0,0.06211681120033681,-0.10475681453768038,0.05051205906025369,0.30434782608695654,0.30434782608695654,0.0,3350.0,1.0262601725084477,3240.682199570072,2525.8107967547326,650.9728873928165,64.44,0.28417696293343964,-0.5144665461121157,63.44999999999999,12.0,0.0,0.0,14.791988,13.446196,8.60739,7.559395,-12.889544,132.72,8935.739130434782,12.0,17.640752,0.07830169803009812,15.22763,18.035427,20.032841,22.354949,18.430657,18.181818,18.145161,12.989691,17.765299333333335,19.739105333333335,20.873209166666665
2009-08-01,71.490682,77.051089,13.719512,2684.65,249.87392083966958,2388.0,3251.0,863.0,0.09307504547694097,-0.2553060596739465,-0.1161011894319498,0.25,0.2,0.0,2421.0,0.0579352898475578,3289.688339920949,2670.6107967547327,572.3714819352789,72.51,0.2654450261780106,-0.35967855881314015,68.52,12.0,0.0,0.0,13.719512,12.938649,9.858435,6.623932,-13.007176,113.24,7402.5,12.0,17.253385,-0.3173424077686019,14.791988,15.22763,18.035427,21.247892,18.84058,18.430657,18.363273,12.653061,16.018348333333332,18.478611833333332,20.56998675
2009-09-01,71.65566,76.947803,11.861862,2351.409090909091,116.93777714213539,2163.0,2492.0,329.0,0.04973093690682528,-0.0837804374742055,-0.07605623326390953,0.09090909090909091,0.45454545454545453,0.0,2220.0,-0.3848577815829528,2799.3095520421616,2736.2092816032177,514.8958168316541,67.65,-0.013992129427197075,-0.30422709040419615,68.2,12.0,0.0,0.0,11.861862,11.888009,7.795918,5.052632,-14.136633,97.23,4975.090909090909,12.0,16.870374,-0.5143929076821472,13.719512,14.791988,15.22763,21.535893,20.433996,18.84058,17.913386,12.627291,14.57971,17.223881833333333,20.143231083333333
2009-10-01,71.710653,76.947803,6.733524,2745.681818181818,249.0684331977547,2284.0,3103.0,819.0,0.09071278090142544,0.35858143607705784,0.1604849958868344,0.2727272727272727,0.8181818181818182,0.0,3103.0,-0.18328722607527115,2593.913636363637,2917.297917966854,212.2205495051028,72.77,0.1292675356921167,0.016624755518301226,70.97666666666667,12.0,0.0,0.0,6.733524,11.276181,7.956535,5.010438,-13.915343,71.58,1807.5217391304348,12.0,15.954715,-0.7977199521219139,11.861862,13.719512,14.791988,20.032841,25.089606,20.433996,18.48249,12.955466,13.457787333333336,15.611543333333335,19.428886583333334
2009-11-01,71.930624,77.051089,6.116643,3940.5714285714284,481.62242176092377,3185.0,4661.0,1476.0,0.12222146723921355,0.2204081632653061,0.21824814328278386,0.38095238095238093,0.6666666666666666,0.0,3887.0,0.4678157035633801,3012.554112554113,3151.1212262375307,827.5112385875921,76.66,0.05723348503654657,0.4615824594852238,72.36,12.0,0.0,0.0,6.116643,9.125059,6.315471,4.149378,-13.862884,52.45,818.95,12.0,15.558155,-0.8893684566024992,6.733524,11.861862,13.719512,18.035427,24.204947,25.089606,18.51145,15.04065,10.771632666666667,13.394990499999999,17.899213083333333
2009-12-01,71.985617,76.637946,4.654443,3572.3888888888887,368.2815641021369,3005.0,4107.0,1102.0,0.10309111789245391,-0.2166319082377477,-0.16266643963902605,0.2777777777777778,0.16666666666666666,0.0,3005.0,0.5192545196411349,3419.5473785473787,3109.42846529477,611.931933074977,74.46,0.10066518847006622,0.8638297872340424,74.62999999999998,12.0,0.0,0.0,4.654443,9.972033,5.537357,3.512397,-13.474545,39.95,743.0,12.0,15.557474,-0.8506559953221504,6.116643,6.733524,11.861862,15.22763,25.044092,24.204947,18.181818,15.478615,8.237343000000001,11.4085265,16.391854416666668
2010-01-01,72.260581,76.689589,3.556485,3168.35,105.93507197186497,2848.0,3299.0,451.0,0.03343540706420218,-0.09299363057324839,-0.018232994526974244,0.25,0.5,0.0,2848.0,0.15393924344011256,3560.436772486773,3077.1752044252044,386.2494317162232,76.17,0.04672255050158047,0.7534530386740332,75.76333333333332,12.0,0.0,0.0,3.556485,9.254752,5.554238,2.024291,-12.080537,43.44,904.5238095238095,12.0,15.962441,-0.49957790828067206,4.654443,6.116643,6.733524,14.791988,22.354949,25.044092,18.430657,18.145161,5.834870000000001,9.646328666666667,14.692717
2010-02-01,72.426174,76.689589,3.268428,2677.85,57.984821062793756,2566.0,2745.0,179.0,0.02165349853904952,-0.0025500910746812933,0.013460538649240572,0.05,0.55,0.0,2738.0,-0.3204411977958237,3139.5296296296306,3076.041871091871,447.9653069656967,73.75,-0.03795982259326891,0.7024469067405354,74.79333333333334,12.0,0.0,0.0,3.268428,7.248273,5.601341,1.616162,-6.806283,43.32,1815.85,12.0,15.925059,1.2172904328713594,3.556485,4.654443,6.116643,13.719512,21.247892,22.354949,18.84058,18.363273,4.775857000000001,7.773744833333333,13.126178333333334
2010-03-01,72.922953,77.350617,2.870879,3206.8260869565215,220.64752891389986,2760.0,3574.0,814.0,0.06880558001301161,0.086231884057971,0.019434342277330874,0.17391304347826086,0.4782608695652174,0.0011081847358346646,2998.0,-0.10233006912247655,3017.6753623188415,3218.611370433109,294.9255159751954,78.83,0.05868922911630414,0.6938117748173613,76.25,12.0,0.0,0.0,2.870879,4.491411,4.524445,1.004016,1.109057,46.54,1957.8181818181818,12.0,14.746544,1.635017741343448,3.268428,3.556485,4.654443,11.861862,21.535893,21.247892,20.433996,17.913386,3.826452000000001,6.0318974999999995,11.627889666666666
2010-04-01,74.237346,78.362817,3.78933,3040.6190476190477,141.60172180820265,2911.0,3359.0,448.0,0.04657003050713757,0.12136409227683043,0.05524809189659785,0.09523809523809523,0.47619047619047616,0.0,3354.0,-0.04031465980114324,2975.098378191857,3267.7675753393146,270.5062730041844,84.82,0.11356176972561371,0.6903148664806695,79.13333333333333,12.0,0.0,0.0,3.78933,3.78687,3.837021,0.8,5.142857,50.18,1659.15,12.0,13.895216,0.8342800737036062,2.870879,3.268428,3.556485,6.733524,20.032841,21.535893,25.089606,18.48249,3.2319306666666683,4.533400333333334,10.072471833333333
2010-05-01,74.951465,79.178773,4.583902,3838.0526315789475,248.3423876837537,3352.0,4209.0,857.0,0.06470531061518753,0.21658711217183768,0.08477938730456347,0.15789473684210525,0.631578947368421,0.0,4078.0,0.4332590068819939,3361.8325887181727,3250.6811091739014,420.70814337030095,75.95,0.029830508474576245,0.3254799301919722,79.86666666666666,12.0,0.0,0.0,4.583902,4.436795,2.565776,0.59761,6.525912,57.3,2537.6315789473683,12.0,12.304251,0.39748964889576155,3.78933,2.870879,3.268428,6.116643,18.035427,20.032841,24.204947,18.51145,3.309545666666668,4.042701333333333,8.718845916666666
2010-06-01,75.945022,79.230416,4.509537,3088.0,587.0502533855173,2406.0,4074.0,1668.0,0.1901069473398696,-0.40942562592047127,-0.2828834293802446,0.36363636363636365,0.0,0.0012084030488938465,2406.0,-0.03705411011836157,3322.2238930659987,3169.9496276924197,447.34852661995154,74.76,-0.05163009006723318,0.08963707914298213,78.51,12.0,0.0,0.0,4.509537,4.370827,2.056365,0.399202,7.392996,68.61,3822.5454545454545,12.0,10.10989,0.9524517087667161,4.583902,3.78933,2.870879,4.654443,15.22763,18.035427,25.044092,18.181818,3.7480370000000014,3.7872445,7.5978855
2010-07-01,76.22446,79.385345,3.167785,1909.7272727272727,185.7920449930082,1700.0,2351.0,651.0,0.09728721354420385,-0.16333475116971496,-0.0791843825721209,0.2727272727272727,0.5,0.0,1967.0,-0.3719281360739084,2945.2599681020743,2960.1791731469652,972.0548903880334,75.58,-0.10893657156331049,0.17287399130974546,75.42999999999999,12.0,0.0,0.0,3.167785,4.564565,3.88251,1.204819,7.184466,64.44,3361.8695652173915,12.0,7.559395,1.0262601725084477,4.509537,4.583902,3.78933,3.556485,14.791988,15.22763,22.354949,18.430657,4.294256333333335,3.7630935,6.704711083333333
2010-08-01,76.276208,79.581587,3.284182,2432.3333333333335,319.9514546510663,1957.0,2861.0,904.0,0.1315409570992461,0.372281234193222,0.24919189571757538,0.3333333333333333,0.8095238095238095,0.0,2713.0,-0.36625847354972596,2476.6868686868693,2919.25972870252,590.3872305804578,77.04,0.014351547070441173,0.06247414149772457,75.79333333333334,12.0,0.0,0.0,3.284182,5.475068,1.370741,1.603206,7.184466,72.51,2684.65,12.0,6.623932,0.0579352898475578,3.167785,4.509537,4.583902,3.268428,13.719512,14.791988,21.247892,18.84058,4.087074666666668,3.698310166666667,5.7360275
2010-09-01,76.659141,79.529944,3.355705,2719.4545454545455,211.028485387688,2444.0,2995.0,551.0,0.07759956339053847,-0.10762495439620579,-0.12832785859533868,0.13636363636363635,0.45454545454545453,0.0,2446.0,-0.11934762129062648,2353.8383838383847,2838.0311384521915,410.5309450842471,77.84,0.041198501872659055,0.15062823355506283,76.82000000000001,12.0,0.0,0.0,3.355705,5.681115,2.615736,1.402806,8.447937,67.65,2351.409090909091,12.0,5.052632,-0.3848577815829528,3.284182,3.167785,4.509537,2.870879,11.861862,13.719512,21.535893,20.433996,3.653834666666668,3.7009358333333338,4.866416666666667
2010-10-01,76.824734,79.529944,3.355705,2693.3333333333335,91.24436055632881,2452.0,2784.0,332.0,0.03387785664220129,0.09216965742251215,0.03148788927335633,0.047619047619047616,0.6190476190476191,0.0,2678.0,0.41032354294600215,2615.0404040404046,2780.1501860712383,158.7670768624766,82.67,0.09380788568404341,0.1360450735193075,79.18333333333334,12.0,0.0,0.0,3.355705,5.627363,1.531235,0.994036,8.414873,72.77,2745.681818181818,12.0,5.010438,-0.18328722607527115,3.355705,3.284182,3.167785,3.78933,6.733524,11.861862,20.032841,25.089606,3.2692240000000012,3.781740166666667,4.15757025
2010-11-01,77.042075,79.788159,3.552279,2321.318181818182,171.1213399521316,2099.0,2648.0,549.0,0.07371731341805977,-0.20732628398791542,-0.11817377846562016,0.045454545454545456,0.13636363636363635,0.0,2099.0,-0.04564142175489305,2578.0353535353543,2527.3611111111113,222.7068906018283,85.28,0.10695742471443404,0.11244456039655626,81.92999999999999,12.0,0.0,0.0,3.552279,6.70519,2.542732,1.195219,9.765625,76.66,3940.5714285714284,12.0,4.149378,0.4678157035633801,3.355705,3.355705,3.284182,4.583902,6.116643,6.733524,18.035427,24.204947,3.331864000000001,3.7094693333333333,3.8760853333333336
2010-12-01,77.321513,79.984401,4.366577,2030.9444444444443,131.2722685746385,1773.0,2179.0,406.0,0.06463607063882411,-0.15410305343511455,-0.10495163674503338,0.05555555555555555,0.16666666666666666,0.0,1773.0,-0.25317948489373243,2348.5319865319875,2351.185185185185,332.03193130500654,91.45,0.17484583761562167,0.22817620198764454,86.46666666666665,12.0,0.0,0.0,4.366577,7.835573,2.196888,1.596806,7.378641,74.46,3572.3888888888887,12.0,3.512397,0.5192545196411349,3.552279,3.355705,3.355705,4.509537,4.654443,6.116643,15.22763,25.044092,3.4212296666666675,3.537532166666667,3.662388333333334
2011-01-01,77.983884,80.294258,4.700337,1401.8,151.8425777608265,1107.0,1693.0,586.0,0.10831971590870773,-0.3461311281748376,-0.14261239126103986,0.35,0.0,0.0,1107.0,-0.47952970297029707,1918.020875420876,2266.53063973064,470.04491381605095,96.52,0.167533567194871,0.26716555074176185,91.08333333333333,12.0,0.0,0.0,4.700337,8.55639,1.193089,3.373016,6.870229,76.17,3168.35,12.0,2.024291,0.15393924344011256,4.366577,3.552279,3.355705,3.167785,3.556485,4.654443,14.791988,22.354949,3.7581870000000013,3.5137055000000004,3.6383995000000002
2011-02-01,78.584158,80.748715,5.292929,1181.1,97.80480022661679,1043.0,1301.0,258.0,0.08280822980832851,0.15405904059040587,0.145639118984481,0.1,0.6,0.0,1251.0,-0.4911942665805088,1537.9481481481487,2057.9917508417507,440.97747518600124,103.72,0.2162288930581613,0.4063728813559322,97.23,12.0,0.0,0.0,5.292929,9.817249,0.395974,3.578529,5.243446,73.75,2677.85,12.0,1.616162,-0.3204411977958237,4.700337,4.366577,3.552279,3.284182,3.268428,3.556485,13.719512,21.247892,4.2063976666666685,3.7691308333333335,3.7337205
2011-03-01,79.080937,81.461386,5.314461,1492.695652173913,102.71692556934798,1262.0,1585.0,323.0,0.0688130399654842,0.21236133122028522,0.08900537463089253,0.13043478260869565,0.5652173913043478,0.0,1530.0,-0.2650238876513271,1358.5318840579714,1853.531935294979,160.2406315711568,114.64,0.25358119190814654,0.45426867943676275,104.96,12.0,0.0,0.0,5.314461,15.092287,1.689458,4.771372,3.473492,78.83,3206.8260869565215,12.0,1.004016,-0.10233006912247655,5.292929,4.700337,4.366577,3.355705,2.870879,3.268428,11.861862,21.535893,4.786614333333335,4.103922000000001,3.9024289166666666
2011-04-01,80.291835,83.44447,6.484777,1342.5555555555557,87.39512856407974,1250.0,1520.0,270.0,0.06509609840906377,-0.1651315789473684,-0.09214784693011502,0.0,0.1111111111111111,0.0,1269.0,-0.04226312201772309,1338.7837359098232,1628.4023056653489,155.8320653171984,123.26,0.27704102776626627,0.4531950011789674,113.87333333333333,12.0,0.0,0.0,6.484777,19.14034,3.937174,4.761905,3.07971,84.82,3040.6190476190477,12.0,0.8,-0.04031465980114324,5.314461,5.292929,4.700337,3.355705,3.78933,2.870879,6.733524,20.032841,5.1025756666666675,4.430381333333334,4.10606075
2011-05-01,81.171547,84.146813,6.274459,1352.4,66.43825784337785,1271.0,1480.0,209.0,0.04912618888152755,0.1455108359133126,0.04149732620320856,0.1,0.65,0.0,1480.0,0.14503429006858037,1395.8837359098236,1466.9159420289855,83.98594298851859,114.99,0.1086579251831854,0.5140223831468069,117.63,12.0,0.0,0.0,6.274459,20.125405,5.490532,6.138614,2.342342,75.95,3838.0526315789475,12.0,0.59761,0.4332590068819939,6.484777,5.314461,5.292929,3.552279,4.583902,3.78933,6.116643,18.035427,5.697389000000001,4.9518933333333335,4.330681333333334
2011-06-01,81.937414,84.559955,6.726633,1433.2272727272727,28.86575136267202,1400.0,1489.0,89.0,0.020140386602987042,-0.048484848484848464,-0.0169182389937107,0.0,0.3181818181818182,0.0,1413.0,-0.0398395877686335,1376.0609427609434,1367.296413409457,49.75158523093869,113.83,-0.007065596650383865,0.5226056714820759,117.36,12.0,0.0,0.0,6.726633,22.520917,5.921519,6.95825,3.07971,74.76,3088.0,12.0,0.399202,-0.03705411011836157,6.274459,6.484777,5.314461,4.366577,4.509537,4.583902,4.654443,15.22763,6.024565666666668,5.40559,4.4715610833333335
2011-07-01,82.103007,84.756198,6.765548,1365.5238095238096,60.50918859778162,1264.0,1453.0,189.0,0.044312071437906754,-0.11111111111111116,-0.07342756183745591,0.0,0.19047619047619047,0.0,1264.0,0.017107861103557553,1383.7170274170282,1361.250381663425,43.3763401768374,116.97,-0.05103034236573101,0.5476316485842816,115.26333333333332,12.0,0.0,0.0,6.765548,24.022718,4.991314,7.539683,3.442029,75.58,1909.7272727272727,12.0,1.204819,-0.3719281360739084,6.726633,6.274459,6.484777,4.700337,3.167785,4.509537,3.556485,14.791988,6.495289666666668,5.7989326666666665,4.656319083333334
2011-08-01,82.930971,85.220983,7.086308,1386.9545454545455,137.31419559422218,1253.0,1619.0,366.0,0.09900410654714017,0.2890127388535031,0.18558842489792982,0.22727272727272727,0.6363636363636364,0.0,1619.0,0.025550536420101633,1395.2352092352096,1395.5594725725161,34.60298797710753,110.22,-0.041481867988520715,0.4306853582554515,113.67333333333333,12.0,0.0,0.0,7.086308,23.861226,5.974642,7.100592,3.442029,77.04,2432.3333333333335,12.0,1.603206,-0.36625847354972596,6.765548,6.726633,6.274459,5.292929,3.284182,3.167785,3.268428,13.719512,6.5888800000000005,6.1431344999999995,4.956132666666666
2011-09-01,83.262157,85.67544,7.727273,1840.409090909091,77.52889420873638,1682.0,1928.0,246.0,0.04212590265484947,0.129013079667063,0.03319272873355428,0.22727272727272727,0.6363636363636364,0.0,1899.0,0.2841013605657925,1530.9624819624826,1453.5117123617126,268.2027627599525,112.83,-0.008785030308354536,0.4495118191161356,113.33999999999999,12.0,0.0,0.0,7.727273,24.366446,5.261212,8.498024,3.985507,77.84,2719.4545454545455,12.0,1.402806,-0.11934762129062648,7.086308,6.765548,6.726633,5.314461,3.355705,3.284182,2.870879,11.861862,6.859496333333335,6.442031,5.2729764999999995
2011-10-01,83.593342,86.18154,8.363636,2072.4761904761904,100.25448570892927,1885.0,2173.0,288.0,0.04837425209980044,0.04188759278897147,0.04582062534530529,0.14285714285714285,0.5238095238095238,0.00017694026054453364,1965.0,0.5177151625052308,1766.6132756132763,1575.1651515151516,348.66796270190474,109.55,-0.0634350688210652,0.32514817950889063,110.86666666666666,12.0,0.0,0.0,8.363636,26.203482,7.023723,10.23622,3.790614,82.67,2693.3333333333335,12.0,0.994036,0.41032354294600215,7.727273,7.086308,6.765548,6.484777,3.355705,3.355705,3.78933,6.733524,7.193043,6.844166333333334,5.6372738333333325
2011-11-01,84.141869,86.635997,8.582524,1835.3181818181818,41.078770283022926,1759.0,1912.0,153.0,0.02238236982010809,-0.03451882845188281,0.015021459227467782,0.0,0.36363636363636365,0.0,1846.0,0.32327204797954967,1916.0678210678216,1655.651515151515,135.47753634681249,110.77,0.004990019960079861,0.29889774859287055,111.05,12.0,0.0,0.0,8.582524,26.203804,7.171133,10.826772,3.736655,85.28,2321.318181818182,12.0,1.195219,-0.04564142175489305,8.363636,7.727273,7.086308,6.274459,3.552279,3.355705,4.583902,6.116643,7.725739000000002,7.1573095,6.054601416666666
2011-12-01,84.410957,87.193739,9.01343,1868.8235294117646,48.46162824095685,1738.0,1930.0,192.0,0.025931623547254215,-0.06659505907626206,-0.024721123862796124,0.058823529411764705,0.35294117647058826,0.0,1738.0,0.015439196993228377,1925.5393005687129,1728.2508912655974,128.3490915087585,107.87,-0.04395993973234058,0.1795516675779114,109.39666666666666,12.0,0.0,0.0,9.01343,24.98173,10.055897,11.198428,5.786618,91.45,2030.9444444444443,12.0,1.596806,-0.25317948489373243,8.582524,8.363636,7.727273,6.726633,4.366577,3.552279,4.509537,4.654443,8.224477666666667,7.541987,6.4737885
2012-01-01,84.855988,87.451953,8.91433,1039.3809523809523,287.1582274967019,680.0,1624.0,944.0,0.2762781315540725,-0.5812807881773399,-0.37040704533962576,0.8571428571428571,0.0,0.0017709563164108619,680.0,-0.49848352557327336,1581.1742212036334,1673.8937484084543,469.5057099605255,110.69,0.01040620721131913,0.14680895151263984,109.77666666666666,12.0,0.0,0.0,8.91433,24.573932,10.178972,10.172745,4.821429,96.52,1401.8,12.0,3.373016,-0.47952970297029707,9.01343,8.582524,8.363636,6.765548,4.700337,4.366577,3.167785,3.556485,8.653196666666668,7.923119833333334,6.861026249999999
2012-02-01,85.073328,87.958053,8.928115,702.6190476190476,32.32410275703904,647.0,750.0,103.0,0.046005161497649605,0.13293051359516617,0.05030471648118717,0.0,0.5714285714285714,0.0,750.0,-0.6171677180667448,1203.6078431372555,1559.8378321025382,600.1966986530244,119.33,0.07727724113027001,0.15050134978789043,112.63,12.0,0.0,0.0,8.928115,22.071723,11.355426,9.788868,4.982206,103.72,1181.1,12.0,3.578529,-0.4911942665805088,8.91433,9.01343,8.582524,7.086308,5.292929,4.700337,3.284182,3.268428,8.836761333333335,8.281250166666666,7.212192333333333
2012-03-01,85.456262,88.619081,8.786611,858.9545454545455,55.06660665803885,763.0,934.0,171.0,0.0641088715921498,0.2241153342070774,0.11399485401051579,0.0,1.0,0.0,934.0,-0.5403768563825221,866.9848484848491,1396.2620745267802,168.52450697097186,125.45,0.1629739501251506,0.09429518492672706,118.49000000000001,12.0,0.0,0.0,8.786611,20.311394,10.521285,8.728653,5.123675,114.64,1492.695652173913,12.0,4.771372,-0.2650238876513271,8.928115,8.91433,9.01343,7.727273,5.314461,5.292929,3.355705,2.870879,8.951958333333335,8.588218,7.5151245
2012-04-01,86.284226,89.837852,7.661839,1020.5263157894736,87.9143323045873,926.0,1156.0,230.0,0.08614607085029184,0.2366167023554604,0.14722124877647924,0.05263157894736842,0.7368421052631579,0.0,1155.0,-0.018140256032485036,860.6999696210229,1220.9370954123276,158.9608211732068,119.75,0.08185021230463452,-0.028476391367840415,121.50999999999999,12.0,0.0,0.0,7.661839,16.241581,9.157008,8.522727,4.745167,123.26,1342.5555555555557,12.0,4.761905,-0.04226312201772309,8.786611,8.928115,8.91433,8.363636,6.484777,5.314461,3.355705,3.78933,8.876352000000002,8.764774333333333,7.804470333333332
2012-05-01,87.433027,90.550522,7.610163,1103.695652173913,72.2687124447293,923.0,1165.0,242.0,0.06547884129323514,-0.1987847222222222,-0.07557296199593844,0.08695652173913043,0.17391304347826086,0.0,923.0,0.5708308163776465,994.3921711393114,1099.0000071382826,124.44596203583805,110.34,-0.07533729992457883,-0.04043829898252016,118.51333333333332,12.0,0.0,0.0,7.610163,14.573902,8.219414,6.902985,4.577465,114.99,1352.4,12.0,6.138614,0.14503429006858037,7.661839,8.786611,8.928115,8.582524,6.274459,6.484777,3.552279,4.583902,8.458855000000002,8.647808166666666,7.902558833333333
2012-06-01,87.878057,91.159908,7.805057,937.421052631579,45.93995572661932,872.0,1004.0,132.0,0.049006746325628375,0.11061946902654873,0.09228187919463093,0.0,0.7368421052631579,0.000525148792157778,1004.0,0.0913511752074263,1020.5476735316557,943.7662610082517,83.13730182883596,95.16,-0.24145077720207253,-0.16401651585697974,108.41666666666667,12.0,0.0,0.0,7.805057,10.528196,6.867923,6.133829,4.745167,113.83,1433.2272727272727,12.0,6.95825,-0.0398395877686335,7.610163,7.661839,8.786611,9.01343,6.726633,6.274459,4.366577,4.509537,8.01953766666667,8.485748,8.0138675
2012-07-01,88.157495,91.562722,8.030709,1056.4545454545455,82.18314464699719,897.0,1162.0,265.0,0.07779146296506059,-0.1145113524185587,-0.09983889734180607,0.13636363636363635,0.2727272727272727,0.0,897.0,0.03520558863519163,1032.5237500866797,946.6118598538509,85.68151981885059,102.62,-0.1430480167014614,-0.12268102932375813,102.70666666666666,12.0,0.0,0.0,8.030709,6.624222,8.13895,5.350554,4.378284,116.97,1365.5238095238096,12.0,7.539683,0.017107861103557553,7.805057,7.610163,7.661839,8.91433,6.765548,6.726633,4.700337,3.167785,7.6923530000000016,8.284352499999999,8.103736166666666
2012-08-01,88.426584,91.86225,7.792995,758.9130434782609,58.78691338870201,703.0,878.0,175.0,0.07746198842395567,-0.1993166287015945,-0.11643976897689778,0.0,0.17391304347826086,0.0,703.0,-0.3123892062241481,917.5962138547957,955.994192497053,149.75815344746192,113.36,0.02736994743520027,0.028488477590274064,103.71333333333332,12.0,0.0,0.0,7.792995,3.618097,7.228918,4.972376,4.203152,110.22,1386.9545454545455,12.0,7.100592,0.025550536420101633,8.030709,7.805057,7.610163,8.928115,7.086308,6.765548,5.292929,3.284182,7.815309666666668,8.137082333333334,8.20916625
2012-09-01,89.140703,92.22375,7.643159,707.05,43.73782537370889,661.0,774.0,113.0,0.06185959320233207,0.09742120343839544,0.1002524877469182,0.15,0.35,0.0,766.0,-0.24574981752849367,840.8058629776027,930.6767682546287,188.5489578604508,112.86,0.18600252206809587,0.00026588673225202974,109.61333333333334,12.0,0.0,0.0,7.643159,2.910029,9.053889,5.82878,4.878049,112.83,1840.409090909091,12.0,8.498024,0.2841013605657925,7.792995,8.030709,7.805057,8.786611,7.727273,7.086308,5.314461,3.355705,7.876253666666668,7.947895666666667,8.268056833333333
2012-10-01,89.523636,92.781492,7.658198,952.4347826086956,100.48601263448492,777.0,1109.0,332.0,0.10550434997686266,0.3204633204633205,0.2024236668073729,0.2608695652173913,0.6086956521739131,0.0,1026.0,-0.09846118159404083,806.1326086956527,919.3281793911657,129.3278330000655,111.71,0.0885792243227439,0.01971702418986765,112.64333333333333,12.0,0.0,0.0,7.658198,1.440047,9.818413,6.25,5.043478,109.55,2072.4761904761904,12.0,10.23622,0.5177151625052308,7.643159,7.792995,8.030709,7.661839,8.363636,7.727273,6.484777,3.355705,7.822287666666668,7.757320333333333,8.261047333333334
2012-11-01,90.403348,93.081021,7.439199,1024.6363636363637,63.7222734883819,916.0,1104.0,188.0,0.06219013471494995,0.08600000000000008,0.11443579401557069,0.045454545454545456,0.6363636363636364,0.0,1086.0,0.3501367151897088,894.7070487483537,906.1516313015742,166.47715469232924,109.06,-0.037932251235003545,-0.015437392795883298,111.21,12.0,0.0,0.0,7.439199,1.732054,10.558149,7.104796,3.945111,110.77,1835.3181818181818,12.0,10.826772,0.32327204797954967,7.658198,7.643159,7.792995,7.610163,8.582524,8.363636,6.274459,3.552279,7.698117333333335,7.7567135,8.202260833333334
2012-12-01,90.682786,93.494163,7.225776,855.6875,135.08995459816148,699.0,1077.0,378.0,0.15787300223289633,-0.350974930362117,-0.22750757170853375,0.5,0.0,0.0,699.0,0.2102220493600171,944.2528820816871,892.5293725296442,84.77108736593804,109.49,-0.029860003544214142,0.015018077315286815,110.08666666666666,12.0,0.0,0.0,7.225776,1.726075,7.685921,6.537102,3.760684,107.87,1868.8235294117646,12.0,11.198428,0.015439196993228377,7.439199,7.658198,7.643159,7.805057,9.01343,8.582524,6.726633,4.366577,7.5801853333333336,7.728219500000001,8.10698375
2013-01-01,91.231313,94.000263,7.487894,770.5909090909091,43.63338508954232,698.0,838.0,140.0,0.05662328036158385,0.08882521489971351,0.09375710453326058,0.09090909090909091,0.5909090909090909,0.0,760.0,-0.1909252757650456,883.6382575757583,844.8854331357048,129.30857234004034,112.96,0.01118968758392258,0.020507724275002248,110.50333333333333,12.0,0.0,0.0,7.487894,2.398595,7.50745,5.923345,3.747871,110.69,1039.3809523809523,12.0,10.172745,-0.49848352557327336,7.225776,7.439199,7.658198,8.030709,8.91433,9.01343,6.765548,4.700337,7.441057666666668,7.631672666666667,7.958012583333333
2013-02-01,91.396905,94.403077,7.327384,744.95,5.762629151424036,735.0,757.0,22.0,0.00773559185371372,0.009333333333333416,-0.005828735259114981,0.0,0.5,0.0,757.0,-0.2729615828231745,790.4094696969704,842.5582592226615,57.967922034162015,116.05,0.06409315972858964,-0.02748680130729908,112.83333333333333,12.0,0.0,0.0,7.327384,4.033481,6.989904,5.769231,4.745763,119.33,702.6190476190476,12.0,9.788868,-0.6171677180667448,7.487894,7.225776,7.439199,7.792995,8.928115,8.91433,7.086308,5.292929,7.3842896666666675,7.541203499999999,7.839142916666667
2013-03-01,91.893684,94.960819,7.156177,876.1,51.12924798977588,776.0,935.0,159.0,0.058360059342284984,0.17268041237113407,0.0987681080885805,0.0,0.85,0.0,910.0,0.02385508728361696,797.213636363637,870.7332592226616,69.51012753982398,108.47,-0.009315919262033012,-0.13535273017138305,112.49333333333333,12.0,0.0,0.0,7.156177,2.926665,6.904982,5.410122,4.201681,125.45,858.9545454545455,12.0,8.728653,-0.5403768563825221,7.327384,7.487894,7.225776,7.643159,8.786611,8.928115,7.727273,5.314461,7.347018000000001,7.4636016666666665,7.705748666666666
2013-04-01,92.493958,95.270676,6.047367,874.0,11.47170431975999,856.0,896.0,40.0,0.013125519816659027,-0.036830357142857095,0.011205390305401908,0.0,0.38095238095238093,0.0,863.0,0.1341945378399103,831.683333333334,857.6607954545456,75.12060857951873,102.25,-0.09481232294617559,-0.14613778705636749,108.92333333333333,12.0,0.0,0.0,6.047367,3.569745,6.788613,5.933682,3.52349,119.75,1020.5263157894736,12.0,8.522727,-0.018140256032485036,7.156177,7.327384,7.487894,7.658198,7.661839,8.786611,8.363636,6.484777,7.323818333333334,7.382438,7.5698791666666665
2013-05-01,92.773396,95.570205,5.543515,851.3809523809524,28.295717326966972,809.0,892.0,83.0,0.03323508383390046,-0.061484918793503485,-0.05766861000942336,0.0,0.19047619047619047,0.0,809.0,0.14286992735210724,867.160317460318,828.7848935786436,13.705610958825861,102.56,-0.11624299870745369,-0.07050933478339683,104.42666666666666,12.0,0.0,0.0,5.543515,4.278475,6.998136,5.933682,3.535354,110.34,1103.695652173913,12.0,6.902985,0.5708308163776465,6.047367,7.156177,7.327384,7.439199,7.610163,7.661839,8.582524,6.274459,6.843642666666668,7.113966166666667,7.435339833333334
2013-06-01,92.990737,95.725133,5.007931,940.5,129.6560226542767,801.0,1171.0,370.0,0.13785860994606774,0.45285359801488845,0.26899879372738233,0.3,0.85,0.0,1171.0,0.07350759045771027,888.6269841269847,842.9203102453102,46.32507593780589,102.92,-0.05116622107495161,0.08154686843211434,102.57666666666667,12.0,0.0,0.0,5.007931,6.497205,8.209096,6.304729,2.852349,95.16,937.421052631579,12.0,6.133829,0.0913511752074263,5.543515,6.047367,7.156177,7.225776,7.805057,7.610163,9.01343,6.726633,6.249019666666668,6.798018833333333,7.263119166666667
2013-07-01,93.15633,95.828419,4.65877,1123.1304347826087,32.07704411091023,1062.0,1179.0,117.0,0.02856039077697953,-0.0992366412213741,-0.02049967969250477,0.043478260869565216,0.34782608695652173,0.0,1062.0,0.285046264053328,971.6704623878544,901.6768978605936,138.53029845676286,107.93,0.05555012224938882,0.05174429935685043,104.47000000000001,12.0,0.0,0.0,4.65877,8.437078,6.361551,6.654991,1.677852,102.62,1056.4545454545455,12.0,5.350554,0.03520558863519163,5.007931,5.543515,6.047367,7.487894,8.030709,7.805057,8.91433,6.765548,5.532937666666668,6.4283779999999995,7.030025333333334
2013-08-01,93.37367,96.17959,4.699798,1088.095238095238,59.46755818251222,996.0,1169.0,173.0,0.05465289811084274,0.06191369606003749,0.09980745667775248,0.047619047619047616,0.5238095238095238,0.00045312242544076457,1132.0,0.27803568432238923,1050.5752242926162,958.8677708764666,96.92410692936963,111.28,0.08502340093603733,-0.01834862385321101,107.37666666666667,12.0,0.0,0.0,4.699798,9.735322,7.238358,7.368421,1.008403,113.36,758.9130434782609,12.0,4.972376,-0.3123892062241481,4.65877,5.007931,5.543515,7.327384,7.792995,8.030709,8.928115,7.086308,5.070072000000001,5.956857333333333,6.749030416666667
2013-09-01,93.60136,96.530761,4.670176,1680.5238095238096,318.4343918372541,1139.0,2127.0,988.0,0.1894852010025881,0.7585601404741,0.3732401197720967,0.5238095238095238,0.8095238095238095,0.0,2003.0,0.7868408394724185,1297.2498274672196,1092.9384057971013,332.38693602921506,111.6,0.0843373493975903,-0.011164274322169154,110.27,12.0,0.0,0.0,4.670176,12.55093,5.965802,6.196213,-0.332226,112.86,707.05,12.0,5.82878,-0.24574981752849367,4.699798,4.65877,5.007931,7.156177,7.643159,7.792995,8.786611,7.727273,4.788833000000001,5.518926333333333,6.491264000000001
2013-10-01,93.818701,96.788975,4.31927,1883.1739130434783,202.04739591894884,1484.0,2146.0,662.0,0.10729088509537144,-0.2457372116349047,-0.1472659209412185,0.30434782608695654,0.34782608695652173,0.0,1504.0,0.6767187983895941,1550.5976535541758,1261.1340579710145,413.15630134752564,109.08,0.010655054201797354,-0.023543102676573224,110.65333333333332,12.0,0.0,0.0,4.31927,12.029701,4.830448,4.537815,-0.662252,111.71,952.4347826086956,12.0,6.25,-0.09846118159404083,4.670176,4.699798,4.65877,6.047367,7.658198,7.643159,7.661839,8.363636,4.676248000000001,5.104592833333333,6.243515416666667
2013-11-01,94.149887,97.047189,4.260985,1558.857142857143,80.93904231845451,1483.0,1821.0,338.0,0.051922039610445524,0.1940983606557376,0.003978965819456448,0.19047619047619047,0.47619047619047616,0.0,1821.0,0.43264770240700234,1707.5182884748108,1379.0467563837128,163.83488113469969,107.79,-0.03136232925952542,-0.011644966073720897,109.49,12.0,0.0,0.0,4.260985,10.656654,4.283587,3.9801,-1.650165,109.06,1024.6363636363637,12.0,7.104796,0.3501367151897088,4.31927,4.670176,4.699798,5.543515,7.439199,7.658198,7.610163,8.582524,4.563081333333335,4.816576666666667,5.965271416666667
2013-12-01,94.418975,97.140146,3.899691,2178.0588235294117,136.49014185474866,1865.0,2337.0,472.0,0.0626659575858354,0.22091152815013415,0.033068290607382034,0.29411764705882354,0.7058823529411765,0.0,2277.0,0.29605948525453063,1873.363293143345,1585.3065603052817,309.7173978548487,110.76,-0.007526881720430034,0.011599232806649207,109.21,12.0,0.0,0.0,3.899691,10.410955,6.083857,3.9801,-2.14168,109.49,855.6875,12.0,6.537102,0.2102220493600171,4.260985,4.31927,4.670176,5.007931,7.225776,7.439199,7.805057,9.01343,4.416810333333335,4.602821666666666,5.70042025
2014-01-01,95.195192,97.398361,3.614987,1472.409090909091,306.3559490730799,1110.0,2113.0,1003.0,0.20806442378315554,-0.47468054898248935,-0.2601550206888513,0.5,0.18181818181818182,0.0,1110.0,-0.21812367901301932,1736.4416857652159,1643.5196696596952,384.8864620855146,108.12,-0.008800880088008722,-0.04284702549575059,108.89,12.0,0.0,0.0,3.614987,10.142114,6.999184,4.934211,-1.970443,112.96,770.5909090909091,12.0,5.923345,-0.1909252757650456,3.899691,4.260985,4.31927,4.65877,7.487894,7.225776,8.030709,8.91433,4.159982000000002,4.418114999999999,5.4232465
2014-02-01,95.629873,97.749532,3.544858,1139.85,57.501739104134934,1084.0,1258.0,174.0,0.05044675975271741,0.15096065873741993,0.08744620456002195,0.0,0.7,0.0,1258.0,-0.26879123900293267,1596.7726381461682,1652.1454633104888,530.1595130002322,108.9,0.01029780128026725,-0.06161137440758291,109.25999999999999,12.0,0.0,0.0,3.544858,9.136545,7.209702,5.950413,-3.236246,116.05,744.95,12.0,5.769231,-0.2729615828231745,3.614987,3.899691,4.260985,4.699798,7.327384,7.487894,7.792995,8.928115,3.925221000000001,4.244151166666666,5.10050425
2014-03-01,95.961058,98.007746,3.208614,1484.142857142857,98.26102264595342,1276.0,1621.0,345.0,0.06620725368386504,0.06739811912225702,0.037569095281221765,0.42857142857142855,0.6666666666666666,0.0,1362.0,-0.3185937674824163,1365.4673160173168,1619.4153045803303,195.47838827520573,107.48,-0.029613578909353566,-0.009126947543099395,108.16666666666667,12.0,0.0,0.0,3.208614,8.286955,8.59217,7.781457,-3.709677,108.47,876.1,12.0,5.410122,0.02385508728361696,3.544858,3.614987,3.899691,4.670176,7.156177,7.327384,7.643159,8.786611,3.686512000000001,4.051661166666666,4.78529375
2014-04-01,96.726925,98.358917,3.241544,1045.35,126.66710410820124,930.0,1316.0,386.0,0.12117195590778328,-0.2834346504559271,-0.1554962435745354,0.3,0.2,0.0,943.0,-0.2900410582533265,1223.114285714286,1479.7779857397502,230.94263102890537,107.76,-0.0033296337402886067,0.053887530562347186,108.04666666666667,12.0,0.0,0.0,3.241544,8.086074,8.911426,8.731466,-3.727715,102.25,874.0,12.0,5.933682,0.1341945378399103,3.208614,3.544858,3.614987,4.31927,6.047367,7.156177,7.658198,7.661839,3.456153000000001,3.8080675,4.456330166666667
2014-05-01,96.954616,98.617131,3.188155,992.6666666666666,28.448784391135824,934.0,1027.0,93.0,0.028658950024649923,-0.05941591137965763,-0.02820744488615834,0.047619047619047616,0.3333333333333333,0.0023977365367093464,934.0,-0.12912517728940942,1174.0531746031752,1385.4129063746711,269.8343784916432,109.54,0.005876951331496683,0.06805772230889229,108.25999999999999,12.0,0.0,0.0,3.188155,8.887154,9.892779,9.555189,-3.739837,102.56,851.3809523809524,12.0,5.933682,0.14286992735210724,3.241544,3.208614,3.544858,4.260985,5.543515,6.047367,7.439199,7.610163,3.331672000000001,3.6284465000000004,4.2225115833333335
2014-06-01,97.223704,98.77206,3.182995,911.5714285714286,57.44264219947706,824.0,1004.0,180.0,0.06301496558475779,-0.08993576017130622,-0.10157872870793516,0.19047619047619047,0.5238095238095238,0.0,850.0,-0.3857926653190875,983.1960317460322,1174.3316738816739,67.39025328443954,111.8,0.04019352437662804,0.0862806062961523,109.7,12.0,0.0,0.0,3.182995,8.409911,10.079457,9.719934,-3.425775,102.92,940.5,12.0,6.304729,0.07350759045771027,3.188155,3.241544,3.208614,3.899691,5.007931,5.543515,7.225776,7.805057,3.2127710000000014,3.4496415000000002,4.026231583333334
2014-07-01,97.337549,98.916659,3.222677,795.5652173913044,67.21662814225532,723.0,894.0,171.0,0.08448914893823764,-0.15548098434004476,-0.1377753031427863,0.13043478260869565,0.391304347826087,0.0,755.0,-0.23894846951613868,899.9344375431338,1061.5243616287094,99.06467582736293,106.77,-0.00918708240534527,-0.010747706847030636,109.37,12.0,0.0,0.0,3.222677,9.058589,8.965907,9.195402,-2.805281,107.93,1123.1304347826087,12.0,6.654991,0.285046264053328,3.182995,3.188155,3.241544,3.614987,4.65877,5.007931,7.487894,8.030709,3.2042313333333343,3.330192166666667,3.8741535833333334
2014-08-01,97.606637,98.968302,2.899485,937.1,149.73938763907884,751.0,1147.0,396.0,0.1597901906296861,0.5272969374167775,0.31847086660751267,0.3,0.75,0.0,1147.0,-0.05597716588314294,881.4122153209115,1027.7326949620428,75.43346260092,101.61,-0.07239364615665511,-0.08689791516894319,106.72666666666665,12.0,0.0,0.0,2.899485,10.853971,8.571439,9.477124,-2.828619,111.28,1088.095238095238,12.0,7.368421,0.27803568432238923,3.222677,3.182995,3.188155,3.544858,4.699798,4.65877,7.327384,7.792995,3.197942333333335,3.264807166666666,3.7544791666666666
2014-09-01,97.77223,99.123231,2.685641,1122.7272727272727,53.17104638015104,1038.0,1197.0,159.0,0.0473588267353572,-0.07645525629887051,-0.0769230769230771,0.045454545454545456,0.4090909090909091,0.0,1063.0,0.23163938396660555,951.7974967061931,967.4967642261121,164.07548543279998,97.09,-0.13157423971377458,-0.13001792114695332,101.82333333333332,12.0,0.0,0.0,2.685641,8.395393,8.35994,8.589951,-3.0,111.6,1680.5238095238096,12.0,6.196213,0.7868408394724185,2.899485,3.222677,3.182995,3.208614,4.670176,4.699798,7.156177,7.643159,3.1017190000000014,3.157245,3.604453083333333
2014-10-01,97.886075,99.226516,2.518408,1100.9565217391305,173.66830407963693,930.0,1428.0,498.0,0.15774310851558523,0.35355450236966823,0.2046853104246633,0.2608695652173913,0.43478260869565216,0.0,1428.0,0.38386708929937696,1053.5945981554685,976.7645178493004,101.47282862531787,87.43,-0.18113702350847605,-0.19847818115144844,95.37666666666667,12.0,0.0,0.0,2.518408,8.164692,7.458742,7.717042,-3.166667,109.08,1883.1739130434783,12.0,4.537815,0.6767187983895941,2.685641,2.899485,3.222677,3.241544,4.31927,4.670176,6.047367,7.658198,2.9359343333333343,3.0700828333333336,3.439075166666667
2014-11-01,98.165513,99.474402,2.501064,1332.15,93.46278460041279,1153.0,1484.0,331.0,0.0701593548777636,-0.20810439560439564,-0.0848907418056355,0.25,0.35,0.0,1153.0,0.4215665350549569,1185.2779314888019,1033.345073404856,127.65987929352865,79.44,-0.218187186300561,-0.26301141107709436,87.98666666666666,12.0,0.0,0.0,2.501064,7.538606,7.225902,7.336523,-2.684564,107.79,1558.857142857143,12.0,3.9801,0.43264770240700234,2.518408,2.685641,2.899485,3.188155,4.260985,4.31927,5.543515,7.439199,2.701178000000001,2.9495601666666666,3.2890033333333335
2014-12-01,97.937823,99.62933,2.562467,909.6111111111111,115.69541090542512,782.0,1137.0,355.0,0.12719216980990974,-0.31222515391380823,-0.17290149023159185,0.2222222222222222,0.0,0.0,782.0,-0.18982006297795773,1114.239210950081,1033.0183538281365,211.58237291984707,62.34,-0.3579153362859203,-0.43716143011917663,76.40333333333334,12.0,0.0,0.0,2.562467,7.710481,7.033889,7.017544,-2.693603,110.76,2178.0588235294117,12.0,3.9801,0.29605948525453063,2.501064,2.518408,2.685641,3.182995,3.899691,4.260985,5.007931,7.225776,2.5683710000000013,2.8350449999999996,3.14234325
2015-01-01,98.71404,99.62933,2.290562,725.1904761904761,44.567498300464486,608.0,771.0,163.0,0.06145626530368076,-0.21141374837872895,-0.05275603988395605,0.23809523809523808,0.19047619047619047,0.0,608.0,-0.3413087057743879,988.983862433863,1021.2892302946651,311.16714338953295,47.76,-0.4537344161043121,-0.55826859045505,63.179999999999986,12.0,0.0,0.0,2.290562,7.674199,6.497494,6.112853,-2.847571,108.12,1472.409090909091,12.0,4.934211,-0.21812367901301932,2.562467,2.501064,2.518408,3.222677,3.614987,3.899691,4.65877,7.487894,2.5273130000000013,2.7316236666666662,3.0309079166666666
2015-02-01,98.331106,99.835902,2.134404,542.4444444444445,23.993190755178418,509.0,590.0,81.0,0.04423160933973899,-0.0847457627118644,-0.0674177396280401,0.0,0.3333333333333333,0.0,540.0,-0.5928052813538682,725.7486772486778,955.5133043687391,183.58396980433452,58.1,-0.2686304128902316,-0.46648301193755737,56.06666666666666,12.0,0.0,0.0,2.134404,8.696157,6.589649,6.084243,-2.842809,108.9,1139.85,12.0,5.950413,-0.26879123900293267,2.290562,2.562467,2.501064,2.899485,3.544858,3.614987,4.699798,7.327384,2.451364333333334,2.5762711666666664,2.9205391666666665
2015-03-01,98.651942,99.835902,1.865318,575.9545454545455,17.605403047082348,548.0,602.0,54.0,0.030567348041655087,0.0985401459854014,0.04920663219825294,0.0,0.7727272727272727,0.0,602.0,-0.36681232405901065,614.5298220298226,864.3845164899514,97.28857590642544,55.89,-0.10346487006737248,-0.4799962783773726,53.916666666666664,12.0,0.0,0.0,1.865318,10.955497,5.495907,5.222734,-2.847571,107.48,1484.142857142857,12.0,7.781457,-0.3185937674824163,2.134404,2.290562,2.562467,2.685641,3.208614,3.544858,4.670176,7.156177,2.329144333333334,2.448757666666667,2.803001333333333
2015-04-01,99.697247,99.835902,1.501628,591.35,8.474574977698383,578.0,601.0,23.0,0.014330895371097292,-0.008389261744966459,0.024285120819774297,0.0,0.4,0.0,591.0,-0.18455906494188712,569.9163299663306,779.4500962000961,25.005666873466946,59.52,0.24623115577889454,-0.4476614699331849,57.836666666666666,12.0,0.0,0.0,1.501628,13.41956,5.184191,4.393939,-2.861953,107.76,1045.35,12.0,8.731466,-0.2900410582533265,1.865318,2.134404,2.290562,2.518408,3.241544,3.208614,4.31927,6.047367,2.0967613333333346,2.312037166666667,2.6910600000000002
2015-05-01,99.86284,99.887545,1.288228,597.0,22.360679774997898,573.0,637.0,64.0,0.03745507499999648,0.0034071550255536653,0.00318738466700208,0.05263157894736842,0.42105263157894735,0.0005388898868331237,589.0,0.10057353543629666,588.1015151515157,656.9250962000962,10.89230368838715,64.08,0.1029259896729775,-0.4150082161767391,59.830000000000005,12.0,0.0,0.0,1.288228,13.203172,4.475119,4.210526,-2.871622,109.54,992.6666666666666,12.0,9.555189,-0.12912517728940942,1.501628,1.865318,2.134404,2.501064,3.188155,3.241544,4.260985,5.543515,1.8337833333333347,2.142573833333333,2.546067
2015-06-01,100.256123,99.784259,1.024783,699.0454545454545,93.37098421158841,589.0,829.0,240.0,0.13356926020254536,0.3582342954159592,0.2756732761171945,0.18181818181818182,0.6818181818181818,0.0,800.0,0.21371636019256557,629.1318181818187,621.8308201058202,60.61285372935006,61.48,0.10001789228842362,-0.45008944543828266,61.69333333333333,12.0,0.0,0.0,1.024783,13.385336,4.117052,4.054054,-3.378378,111.8,911.5714285714286,12.0,9.719934,-0.3857926653190875,1.288228,1.501628,1.865318,2.562467,3.182995,3.188155,3.899691,5.007931,1.5517246666666678,1.9404345,2.38773975
2015-07-01,100.359619,99.887545,0.981518,975.3478260869565,128.10422202099642,794.0,1131.0,337.0,0.1313420900674416,0.42443324937027715,0.2777184932237755,0.17391304347826086,0.782608695652174,0.0,1131.0,0.649357953981494,757.1310935441376,663.5237117552334,195.74786197969118,56.56,-0.04973118279569899,-0.47026318254191246,60.706666666666656,12.0,0.0,0.0,0.981518,12.140679,5.293568,4.210526,-3.735144,106.77,795.5652173913044,12.0,9.195402,-0.23894846951613868,1.024783,1.288228,1.501628,2.290562,3.222677,3.182995,3.614987,4.65877,1.2715463333333343,1.6841538333333332,2.20788875
2015-08-01,100.525211,100.042473,1.085368,1065.55,108.14633117849363,903.0,1222.0,319.0,0.10149343642109111,-0.21546481320590793,-0.15121020213411995,0.15,0.25,0.0,903.0,0.7848408710217756,913.314426877471,750.7079710144927,190.9646627594941,46.52,-0.27403245942571774,-0.5421710461568743,54.85333333333333,12.0,0.0,0.0,1.085368,9.927707,5.512752,4.179104,-3.59589,101.61,937.1,12.0,9.477124,-0.05597716588314294,0.981518,1.024783,1.288228,2.134404,2.899485,3.222677,3.544858,4.699798,1.0981763333333345,1.4659798333333336,2.0211255
2015-09-01,100.690804,100.187073,1.073252,888.6818181818181,51.024164549410976,802.0,978.0,176.0,0.05741556033384694,-0.01207464324917673,0.0706418131751747,0.13636363636363635,0.36363636363636365,0.00022336385972749609,900.0,0.27127901684114697,976.5265480895922,802.829183135705,88.4399823276249,47.62,-0.22543916720884838,-0.5095272427644454,50.23333333333334,12.0,0.0,0.0,1.073252,9.81204,5.714409,4.328358,-3.780069,97.09,1122.7272727272727,12.0,8.589951,0.23163938396660555,1.085368,0.981518,1.024783,1.865318,2.685641,2.899485,3.208614,4.670176,1.0305563333333345,1.2911405,1.8699490833333332
2015-10-01,100.970242,100.393644,1.176226,793.0,52.529356871499324,721.0,889.0,168.0,0.06624130753026397,-0.18806306306306309,-0.09541484716157211,0.045454545454545456,0.18181818181818182,0.0,721.0,-0.18695671555298,915.74393939394,836.4375164690382,138.2756103888122,48.43,-0.1437411598302688,-0.44607114262838843,47.52333333333333,12.0,0.0,0.0,1.176226,11.274004,6.352075,5.074627,-4.130809,87.43,1100.9565217391305,12.0,7.717042,0.38386708929937696,1.073252,1.085368,0.981518,1.501628,2.518408,2.685641,3.241544,4.31927,1.046712666666668,1.1591295,1.7355833333333333
2015-11-01,101.02199,100.342001,0.872184,582.2380952380952,59.15987217861848,498.0,706.0,208.0,0.10160769737065414,-0.17280453257790374,-0.1452929805833647,0.42857142857142855,0.2857142857142857,0.0016670290642893382,584.0,-0.4535797520171787,754.6399711399717,833.9771990087206,156.78187935323965,44.27,-0.04836629406706794,-0.4427240684793554,46.77333333333333,12.0,0.0,0.0,0.872184,12.673713,6.547185,5.497771,-3.793103,79.44,1332.15,12.0,7.336523,0.4215665350549569,1.176226,1.073252,1.085368,1.288228,2.501064,2.518408,3.188155,4.260985,1.1116153333333347,1.1048958333333334,1.6237348333333335
2015-12-01,100.970242,100.342001,0.715322,519.1666666666666,44.91462489447913,471.0,598.0,127.0,0.08651292114506415,-0.2006688963210702,-0.132464944124137,0.05555555555555555,0.2777777777777778,0.0,478.0,-0.41580140828261125,631.4682539682545,803.9974010289228,143.4011157822143,38.01,-0.20180596388072236,-0.3902791145332051,43.56999999999999,12.0,0.0,0.0,0.715322,13.258103,5.864796,6.408346,-3.806228,62.34,909.6111111111111,12.0,7.017544,-0.18982006297795773,0.872184,1.176226,1.073252,1.024783,2.562467,2.501064,3.182995,3.899691,1.0405540000000013,1.0355551666666667,1.4879948333333333
2016-01-01,101.353176,100.796458,1.17147,386.3,48.50187191178674,317.0,473.0,156.0,0.12555493634943501,-0.32980972515856233,-0.18168980936690982,0.25,0.0,0.0,317.0,-0.5128625472887768,495.9015873015879,705.8227633477633,100.01940926543678,30.7,-0.3660953954160644,-0.3572026800670016,37.660000000000004,12.0,0.0,0.0,1.17147,12.706863,6.120027,7.237814,-3.965517,47.76,725.1904761904761,12.0,6.112853,-0.3413087057743879,0.715322,0.872184,1.176226,0.981518,2.290562,2.562467,3.222677,3.614987,0.9212440000000012,0.9839783333333334,1.3340660833333333
2016-02-01,101.291078,101.405843,1.572522,306.9047619047619,13.144979124763804,290.0,329.0,39.0,0.04283080862995188,0.047770700636942776,0.06671760391198056,0.0,0.5714285714285714,0.0,329.0,-0.4728878711049316,404.12380952381017,579.3818903318903,107.24758828416779,32.18,-0.2730969053535126,-0.4461273666092943,33.63,12.0,0.0,0.0,1.572522,10.769972,7.231003,9.411765,-4.130809,58.1,542.4444444444445,12.0,6.084243,-0.5928052813538682,1.17147,0.715322,0.872184,1.085368,2.134404,2.290562,2.899485,3.544858,0.9196586666666677,1.0156370000000001,1.2408084166666666
2016-03-01,101.684361,101.7157,1.882888,383.3333333333333,27.013576833387564,332.0,429.0,97.0,0.07047020043492408,0.29216867469879526,0.10547945205479459,0.09523809523809523,0.8571428571428571,0.0,429.0,-0.261637239165329,358.84603174603234,495.15714285714284,45.00690960671834,38.21,0.0052617732175743726,-0.3163356593308284,33.696666666666665,12.0,0.0,0.0,1.882888,9.409829,9.723113,10.656934,-4.137931,55.89,575.9545454545455,12.0,5.222734,-0.36681232405901065,1.572522,1.17147,0.715322,1.073252,1.865318,2.134404,2.685641,3.208614,1.1531046666666678,1.0968293333333334,1.1939849166666667
2016-04-01,102.543374,102.511,2.679495,607.4761904761905,88.90197919485203,450.0,715.0,265.0,0.14634644219580564,0.5622222222222222,0.28732562095950986,0.38095238095238093,0.8571428571428571,0.0,703.0,0.5725503248154038,432.5714285714292,464.23650793650796,156.21807973279093,41.58,0.3543973941368077,-0.30141129032258074,37.32333333333333,12.0,0.0,0.0,2.679495,6.840008,11.046341,12.33672,-3.986135,59.52,591.35,12.0,4.393939,-0.18455906494188712,1.882888,1.572522,1.17147,1.176226,1.501628,1.865318,2.518408,3.241544,1.5422933333333344,1.2317686666666665,1.1954490833333333
2016-05-01,102.677919,102.603957,2.719471,619.9,25.210482364537008,579.0,682.0,103.0,0.040668627785992915,-0.1026392961876833,0.0013371381981246433,0.2,0.25,0.0,612.0,1.0198448409619858,536.9031746031752,470.51349206349204,133.1403765637236,46.74,0.45245494095711636,-0.2705992509363295,42.17666666666667,12.0,0.0,0.0,2.719471,6.587677,12.158025,11.976912,-4.173913,64.08,597.0,12.0,4.210526,0.10057353543629666,2.679495,1.882888,1.572522,0.872184,1.288228,1.501628,2.501064,3.188155,2.0449683333333346,1.4823135,1.2936046666666667
2016-06-01,102.895259,102.325086,2.54632,607.8636363636364,18.11417612322947,580.0,660.0,80.0,0.029799736387575586,0.07843137254901955,-0.0019423278051696746,0.045454545454545456,0.45454545454545453,0.0,660.0,0.5857312252964428,611.7466089466095,485.29632034632033,7.063700719640485,48.25,0.2627584401989007,-0.21519193233571887,45.52333333333333,12.0,0.0,0.0,2.54632,8.891537,11.306324,11.976912,-4.020979,61.48,699.0454545454545,12.0,4.054054,0.21371636019256557,2.719471,2.679495,1.882888,0.715322,1.024783,1.288228,2.562467,3.182995,2.4272846666666674,1.7901946666666666,1.4128749166666665
2016-07-01,103.050502,102.572971,2.68845,707.4285714285714,26.75924406363421,656.0,748.0,92.0,0.03782607198009682,-0.03101920236336775,0.0012729844413013058,0.0,0.5714285714285714,0.0,656.0,0.16453711687700867,645.0640692640699,538.8177489177489,54.343507984779144,44.95,0.08104858104858126,-0.2052687411598303,46.64666666666667,12.0,0.0,0.0,2.68845,10.777348,12.236703,12.554113,-3.703704,56.56,975.3478260869565,12.0,4.210526,0.649357953981494,2.54632,2.719471,2.679495,1.17147,0.981518,1.024783,2.290562,3.222677,2.648428666666668,2.095361,1.5396696666666667
2016-08-01,103.216095,102.934471,2.89077,672.9090909090909,30.480140436667302,631.0,720.0,89.0,0.04529607468296951,0.09384615384615391,0.07979769598201747,0.0,0.5,0.0,711.0,0.08551232603499104,662.7337662337668,599.8184704184704,50.55637445300749,45.84,-0.019255455712451797,-0.014617368873602765,46.34666666666667,12.0,0.0,0.0,2.89077,10.853272,11.471187,12.750716,-3.374778,46.52,1065.55,12.0,4.179104,0.7848408710217756,2.68845,2.54632,2.719471,1.572522,1.085368,0.981518,2.134404,2.899485,2.651413666666668,2.3481910000000004,1.681914
2016-09-01,103.495533,103.285642,3.092784,827.7727272727273,77.335959613563,712.0,941.0,229.0,0.09342656150120181,0.228932584269663,0.17056019070321815,0.3181818181818182,0.6363636363636364,0.0,875.0,0.3617737231735587,736.0367965367972,673.8917027417027,81.29888913662502,46.57,-0.03481865284974095,-0.022049559008819775,45.78666666666667,12.0,0.0,0.0,3.092784,10.937076,11.951817,12.732475,-2.857143,47.62,888.6818181818181,12.0,4.328358,0.27127901684114697,2.89077,2.68845,2.54632,1.882888,1.073252,1.085368,1.865318,2.685641,2.708513333333334,2.567899,1.8323641666666666
2016-10-01,103.702524,103.667799,3.261317,868.4761904761905,38.97129590816689,798.0,922.0,124.0,0.044873188621093574,-0.00810185185185186,-0.0578180194080149,0.09523809523809523,0.38095238095238093,0.0,857.0,0.2276521270866989,789.7193362193367,717.3917027417028,103.18753818312238,49.52,0.10166852057842046,0.022506710716498013,47.31,12.0,0.0,0.0,3.261317,11.032157,11.721356,12.784091,-1.974865,48.43,793.0,12.0,5.074627,-0.18695671555298,3.092784,2.89077,2.68845,2.679495,1.176226,1.073252,1.501628,2.518408,2.890668000000001,2.7695483333333333,2.0006585
2016-11-01,103.909515,104.184227,3.82913,1071.8181818181818,156.83556337576607,834.0,1257.0,423.0,0.1463266494600023,0.4367541766109786,0.2939974705710673,0.22727272727272727,0.6818181818181818,0.0,1204.0,0.5928127533099161,922.6890331890339,792.7113997113997,130.74333714325144,44.73,-0.024214659685864004,0.010390783826518923,46.94,12.0,0.0,0.0,3.82913,11.132922,11.601694,12.394366,-1.612903,44.27,582.2380952380952,12.0,5.497771,-0.4535797520171787,3.261317,3.092784,2.89077,2.719471,0.872184,1.176226,1.288228,2.501064,3.0816236666666676,2.8665186666666664,2.1744160833333335
2016-12-01,104.013011,104.318499,3.962944,1049.5294117647059,110.28605852909222,914.0,1198.0,284.0,0.10508143677808361,-0.1964882943143813,-0.16092047930283226,0.23529411764705882,0.23529411764705882,6.345580303318739e-05,961.0,0.26789561577198007,996.6079280196933,866.3223622782447,111.52355778975794,53.31,0.14472836590079452,0.4025256511444357,49.18666666666667,12.0,0.0,0.0,3.962944,11.223742,12.459334,12.745098,-0.899281,38.01,519.1666666666666,12.0,6.408346,-0.41580140828261125,3.82913,3.261317,3.092784,2.54632,0.715322,0.872184,1.024783,2.562467,3.394410333333335,3.051461833333333,2.42082825
2017-01-01,104.530489,105.248069,4.416436,907.1428571428571,52.27646288176517,800.0,983.0,183.0,0.05762759687753641,-0.16054564533053517,-0.05696765019552075,0.14285714285714285,0.23809523809523808,0.0,800.0,0.04452242570457288,1009.4968169085823,899.608076563959,89.3389451887606,54.58,0.1021809369951534,0.7778501628664496,50.873333333333335,12.0,0.0,0.0,4.416436,12.540708,13.243934,12.534435,-0.179533,30.7,386.3,12.0,7.237814,-0.5128625472887768,3.962944,3.82913,3.261317,2.68845,1.17147,0.715322,0.981518,2.290562,3.684463666666668,3.2875658333333333,2.6914634166666667
2017-02-01,104.73748,105.661212,4.196374,759.45,65.12374859894773,685.0,878.0,193.0,0.08575119968259626,0.09287531806615767,0.11909866733930285,0.2,0.5,0.0,859.0,-0.29143765903307883,905.374089635855,914.0315614124438,145.04779448972633,54.87,0.2266934942991281,0.7050963331261653,54.25333333333333,12.0,0.0,0.0,4.196374,16.504823,11.344201,10.483871,1.256732,32.18,306.9047619047619,12.0,9.411765,-0.4728878711049316,4.416436,3.962944,3.82913,2.89077,1.572522,1.17147,1.085368,2.134404,4.069503333333334,3.5755635,2.96187725
2017-03-01,105.254957,106.17764,4.386677,1141.391304347826,136.30805323051925,871.0,1338.0,467.0,0.11942271919480203,0.48909299655568317,0.2168853621774982,0.34782608695652173,0.8260869565217391,0.0,1297.0,0.08752674441839714,935.994720496895,966.3013242582934,192.59831906328677,51.59,-0.03226411555055331,0.3501701125359855,53.68000000000001,12.0,0.0,0.0,4.386677,18.556088,7.338167,8.970976,1.258993,38.21,383.3333333333333,12.0,10.656934,-0.261637239165329,4.196374,4.416436,3.962944,3.092784,1.882888,1.572522,1.073252,1.865318,4.191918000000001,3.7931641666666667,3.1805315833333334
2017-04-01,106.082922,106.487497,3.879093,1221.8333333333333,58.63772124614987,1109.0,1296.0,187.0,0.04799158743376064,-0.13494539781591264,-0.048362765107817784,0.05555555555555555,0.2777777777777778,0.0,1109.0,0.34690288713910755,1040.8915458937204,1025.1941814011507,247.03185588732222,52.31,-0.04159032612678626,0.2580567580567581,52.923333333333325,12.0,0.0,0.0,3.879093,20.984286,5.785744,6.589147,1.263538,41.58,607.4761904761905,12.0,12.33672,0.5725503248154038,4.386677,4.196374,4.416436,3.261317,2.679495,1.882888,1.176226,1.501628,4.333162333333334,4.008813,3.3891806666666664
2017-05-01,106.289913,106.797354,4.086974,973.1428571428571,47.98467017109289,878.0,1073.0,195.0,0.04930896817346597,-0.18173345759552662,-0.0765616313061569,0.09523809523809523,0.19047619047619047,0.0,878.0,0.2813784411651288,1112.1224982746726,1008.7482939552632,126.9024644902351,50.33,-0.08274102423911056,0.07680787334189132,51.410000000000004,12.0,0.0,0.0,4.086974,21.519862,3.734926,6.829897,1.814882,46.74,619.9,12.0,11.976912,1.0198448409619858,3.879093,4.386677,4.196374,3.82913,2.719471,2.679495,0.872184,1.288228,4.154048,4.1117756666666665,3.489147166666667
2017-06-01,106.496904,106.694068,4.269708,860.2272727272727,31.4065989701919,818.0,929.0,111.0,0.036509652699826776,0.06000000000000005,0.040871346921169005,0.09090909090909091,0.4090909090909091,0.0,901.0,-0.24633447841203437,1018.4011544011549,977.1979374490243,185.00262395388424,46.37,-0.10118239968986253,-0.038963730569948285,49.669999999999995,12.0,0.0,0.0,4.269708,15.810845,4.600407,6.829897,1.821494,48.25,607.8636363636364,12.0,11.976912,0.5857312252964428,4.086974,3.879093,4.386677,3.962944,2.54632,2.719471,0.715322,1.024783,4.117581333333335,4.154749666666667,3.6031057499999997
2017-07-01,106.600399,107.003925,4.319807,906.047619047619,56.069132497726585,820.0,980.0,160.0,0.06188320715048396,0.07256235827664392,0.11445526864338285,0.09523809523809523,0.5238095238095238,0.0,946.0,-0.2584523647134478,913.1392496392504,977.0153977664846,56.79085066574067,48.48,-0.07321735805773288,0.0785317018909899,48.39333333333334,12.0,0.0,0.0,4.319807,12.187486,4.270216,6.410256,2.014652,44.95,707.4285714285714,12.0,12.554113,0.16453711687700867,4.269708,4.086974,3.879093,4.416436,2.68845,2.54632,1.17147,0.981518,4.078591666666668,4.205877,3.746721416666667
2017-08-01,106.703895,106.90064,3.853101,1141.7727272727273,95.36343105553607,965.0,1266.0,301.0,0.08352225340267501,0.22694300518134725,0.14857582755966137,0.22727272727272727,0.7727272727272727,0.0,1184.0,0.17328377729141087,969.3492063492071,1040.7358523119392,151.07044370094636,51.7,0.027220345718259598,0.1278359511343805,48.85,12.0,0.0,0.0,3.853101,13.572573,4.59157,5.209657,1.838235,45.84,672.9090909090909,12.0,12.750716,0.08551232603499104,4.319807,4.269708,4.086974,4.196374,2.89077,2.68845,1.572522,1.085368,4.225496333333334,4.189772166666667,3.882667833333333
2017-09-01,106.80739,106.17764,2.8,1363.5238095238096,96.10807408725816,1183.0,1503.0,320.0,0.07048507214613471,0.14623837700760767,0.11111969111969122,0.09523809523809523,0.6666666666666666,0.0,1356.0,0.5850739133169782,1137.1147186147193,1077.7579365079366,228.77366324965902,56.15,0.2109122277334483,0.2057118316512776,52.10999999999999,12.0,0.0,0.0,2.8,11.497822,4.203822,5.076142,2.573529,46.57,827.7727272727273,12.0,12.732475,0.3617737231735587,3.853101,4.319807,4.269708,4.386677,3.092784,2.89077,1.882888,1.073252,4.147538666666668,4.13256,3.962862083333333
2017-10-01,106.80739,106.17764,2.421042,1484.2272727272727,93.88287120925472,1308.0,1588.0,280.0,0.06325370307792863,0.14608433734939763,0.11754373386865513,0.045454545454545456,0.6363636363636364,0.0,1522.0,0.6381338480723566,1329.8412698412706,1121.4902597402597,173.6941681094706,57.51,0.18626237623762387,0.16134894991922444,55.120000000000005,12.0,0.0,0.0,2.421042,8.46882,3.744039,4.911839,4.395604,49.52,868.4761904761905,12.0,12.784091,0.2276521270866989,2.8,3.853101,4.319807,3.879093,3.261317,3.092784,2.679495,1.176226,3.6576360000000006,3.8681138333333336,3.9384634166666666
2017-11-01,107.014381,105.971069,1.715079,1453.8636363636363,55.81883574782284,1361.0,1578.0,217.0,0.03839344650467727,0.05481283422459904,-0.008281960271498967,0.0,0.5454545454545454,0.0,1578.0,0.2733389068036147,1433.8715728715736,1201.6103896103898,62.78609288171789,62.71,0.21295938104448742,0.4019673597138387,58.79,12.0,0.0,0.0,1.715079,5.786307,2.958092,4.761905,5.64663,44.73,1071.8181818181818,12.0,12.394366,0.5928127533099161,2.421042,2.8,3.853101,4.086974,3.82913,3.261317,2.719471,0.872184,3.024714333333334,3.6251053333333334,3.8684404999999997
2017-12-01,107.324868,105.454641,1.089109,1618.6875,111.13998305440457,1366.0,1743.0,377.0,0.06866055557629534,-0.15990159901599021,-0.11878650227125231,0.3125,0.5,0.0,1366.0,0.18713548578612826,1518.926136363637,1328.0204274891776,87.71963781996969,64.37,0.14639358860195917,0.20746576627274438,61.53,12.0,0.0,0.0,1.089109,4.675321,2.422727,4.223602,6.715064,53.31,1049.5294117647059,12.0,12.745098,0.26789561577198007,1.715079,2.421042,2.8,4.269708,3.962944,3.82913,2.54632,0.715322,2.3120403333333344,3.2297894999999994,3.692269583333333
2018-01-01,107.73885,105.661212,0.392542,1242.0,86.46882179639748,1125.0,1395.0,270.0,0.06962062946569846,-0.06341463414634141,-0.10781044761038694,0.3181818181818182,0.45454545454545453,0.0,1152.0,-0.1632009310017456,1438.1837121212127,1384.012490981241,188.83263272609906,69.08,0.2011824030603373,0.26566507878343715,65.38666666666667,12.0,0.0,0.0,0.392542,4.70597,1.982629,3.916769,6.115108,54.58,907.1428571428571,12.0,12.534435,0.04452242570457288,1.089109,1.715079,2.421042,4.319807,4.416436,3.962944,2.68845,1.17147,1.7417433333333345,2.6996896666666665,3.452783333333333
2018-02-01,108.049337,106.074354,0.391007,1124.6,39.09556442737126,1082.0,1192.0,110.0,0.03476397334818714,0.07001795332136451,0.04314425674129008,0.05,0.55,0.0,1192.0,-0.22647491011411602,1328.4291666666672,1381.1503697691198,258.1339091481496,65.32,0.04162015627491611,0.1904501549116091,66.25666666666666,12.0,0.0,0.0,0.391007,3.834557,2.029206,3.406326,4.432624,54.87,759.45,12.0,10.483871,-0.29143765903307883,0.392542,1.089109,1.715079,3.853101,4.196374,4.416436,2.89077,1.572522,1.065576666666668,2.0451455,3.1174588333333335
2018-03-01,108.256328,106.17764,0.0,1154.2380952380952,45.53559570479424,1055.0,1212.0,157.0,0.039450782202264084,-0.11789297658862874,-0.06528540903540903,0.047619047619047616,0.38095238095238093,0.0,1055.0,-0.28692962956834156,1173.6126984126988,1346.2694173881673,61.050974080292924,66.02,0.025633058878359316,0.2797053692576079,66.80666666666666,12.0,0.0,0.0,0.0,2.191072,2.741786,2.905569,4.618117,51.59,1141.391304347826,12.0,8.970976,0.08752674441839714,0.391007,0.392542,1.089109,2.8,4.386677,4.196374,3.092784,1.882888,0.6242193333333346,1.4681298333333332,2.8003449166666665
2018-04-01,109.705265,106.280926,-0.193986,1128.9,169.56070175293382,948.0,1376.0,428.0,0.15019993068733617,0.3198818897637796,0.2795821031115149,0.3,0.65,0.0,1341.0,-0.09106280193236704,1135.912698412699,1287.0482052669552,16.015231082596426,72.11,0.04386218876664749,0.37851271267444075,67.81666666666666,12.0,0.0,0.0,-0.193986,0.255402,2.863723,3.393939,4.991087,52.31,1221.8333333333333,12.0,6.589147,0.34690288713910755,0.0,0.391007,0.392542,2.421042,3.879093,4.386677,3.261317,2.679495,0.2611830000000012,1.0014631666666667,2.4347885000000002
2018-05-01,109.808761,106.280926,-0.483559,1293.095238095238,153.585450079721,1042.0,1476.0,434.0,0.11877350217912507,-0.17859834212509418,-0.17049216013931845,0.3333333333333333,0.38095238095238093,0.0,1090.0,0.14982681673060472,1192.0777777777785,1260.2534722222222,88.39626821500141,76.98,0.1785058175137786,0.5295052652493544,71.70333333333333,12.0,0.0,0.0,-0.483559,0.343044,3.902082,2.774427,4.991087,50.33,973.1428571428571,12.0,6.829897,0.2813784411651288,-0.193986,0.0,0.391007,1.715079,4.086974,3.879093,3.82913,2.719471,0.06567366666666785,0.5656251666666666,2.09536525
2018-06-01,109.808761,105.971069,-0.677638,1351.6190476190477,76.2380982124267,1156.0,1445.0,289.0,0.0564050191115051,0.19809688581314888,0.012047622268822167,0.3333333333333333,0.5238095238095238,0.0,1385.0,0.17100540451338775,1257.8714285714293,1215.7420634920634,115.46203320197235,74.41,0.12708270221145113,0.6047013155057148,74.5,12.0,0.0,0.0,-0.677638,0.900264,3.823032,2.895054,5.008945,46.37,860.2272727272727,12.0,6.829897,-0.24633447841203437,-0.483559,-0.193986,0.0,1.089109,4.269708,4.086974,3.962944,2.54632,-0.22584833333333218,0.19918550000000002,1.7144875
2018-07-01,109.912256,105.764498,-1.158301,1649.7727272727273,89.43735866818253,1422.0,1774.0,352.0,0.054211927006475154,0.22855133614627277,0.0874028915560634,0.22727272727272727,0.6818181818181818,0.0,1747.0,0.4613984651189007,1431.4956709956716,1283.7041847041846,191.28490281004727,74.25,0.02967688254056311,0.5315594059405941,75.21333333333332,12.0,0.0,0.0,-1.158301,0.531533,2.947621,3.012048,6.283662,48.48,906.047619047619,12.0,6.410256,-0.2584523647134478,-0.677638,-0.483559,-0.193986,0.392542,4.319807,4.269708,4.416436,2.68845,-0.4517276666666655,-0.09527233333333333,1.3022086666666668
2018-08-01,109.912256,105.454641,-1.352657,1710.409090909091,46.64216270705446,1579.0,1773.0,194.0,0.027269594715650113,-0.10284090909090904,-0.02410207939508513,0.0,0.36363636363636365,0.0,1579.0,0.32272476188882027,1570.600288600289,1381.3390331890332,192.05150370420063,72.53,-0.05780722265523519,0.4029013539651838,73.73,12.0,0.0,0.0,-1.352657,-1.154977,2.65688,3.140097,7.581227,51.7,1141.7727272727273,12.0,5.209657,0.17328377729141087,-1.158301,-0.677638,-0.483559,0.391007,3.853101,4.319807,4.196374,2.89077,-0.7731659999999989,-0.35374616666666664,0.8456996666666666
2018-09-01,109.912256,105.144784,-0.972763,1447.35,63.84543424305461,1356.0,1557.0,201.0,0.04411195235641318,-0.010918432883750828,-0.017464557222108046,0.05,0.5,0.0,1540.0,0.07082687429537748,1602.5106060606067,1430.1910173160175,137.7508707907219,78.89,0.06020696142991544,0.40498664292074804,75.22333333333334,12.0,0.0,0.0,-0.972763,0.501871,2.511544,3.502415,7.885305,56.15,1363.5238095238096,12.0,5.076142,0.5850739133169782,-1.352657,-1.158301,-0.677638,0.0,2.8,3.853101,4.386677,3.092784,-1.0628653333333322,-0.6443568333333333,0.4118865
2018-10-01,110.615405,104.992437,-1.116245,1544.695652173913,30.75036553013889,1490.0,1584.0,94.0,0.019907070682087212,-0.04180064308681675,-0.0001520233821770134,0.043478260869565216,0.4782608695652174,0.0,1490.0,-0.06369184879939149,1567.484914361002,1499.4902926783361,133.0020081832386,81.03,0.09131313131313123,0.4089723526343245,77.48333333333333,12.0,0.0,0.0,-1.116245,0.516706,3.011562,3.0012,26.842105,57.51,1484.2272727272727,12.0,4.911839,0.6381338480723566,-0.972763,-1.352657,-1.158301,-0.193986,2.421042,2.8,3.879093,3.261317,-1.161240333333332,-0.8064840000000001,0.09748958333333334
2018-11-01,111.050707,105.144784,-0.779727,1192.0,163.1980975612738,1003.0,1470.0,467.0,0.13691115567220957,-0.16258503401360547,-0.07882783882783895,0.45454545454545453,0.3181818181818182,0.0,1231.0,-0.30309070132078986,1394.6818840579715,1482.6410863291296,182.15104609438686,64.75,-0.10726595891355306,0.03253069685855525,74.89,12.0,0.0,0.0,-0.779727,1.724423,4.715829,3.110048,42.758621,62.71,1453.8636363636363,12.0,4.761905,0.2733389068036147,-1.116245,-0.972763,-1.352657,-0.483559,1.715079,2.421042,4.086974,3.82913,-1.1472216666666657,-0.9601938333333333,-0.1972843333333333
2018-12-01,111.154203,105.248069,-0.195886,1335.125,61.57150314877817,1203.0,1406.0,203.0,0.04611665810225872,0.05652535328345798,0.007259982475904536,0.1875,0.5,0.0,1271.0,-0.0775382595778491,1357.2735507246382,1479.8920783926217,177.38792092478772,57.36,-0.2729116491317024,-0.1089016622650304,67.71333333333334,12.0,0.0,0.0,-0.195886,2.538532,5.164258,2.741359,53.571429,64.37,1618.6875,12.0,4.223602,0.18713548578612826,-0.779727,-1.116245,-0.972763,-0.677638,1.089109,1.715079,4.269708,3.962944,-0.9562449999999988,-1.0095551666666667,-0.4051848333333334
2019-01-01,111.487665,105.669062,0.007429,1063.3181818181818,183.50045708095047,668.0,1282.0,614.0,0.17257342178347843,-0.4789391575663027,-0.2297990183981794,0.5454545454545454,0.18181818181818182,0.0,668.0,-0.31163256637530456,1196.8143939393947,1382.1496541501976,135.9673504717451,59.41,-0.2668147599654449,-0.139982628836132,60.50666666666666,12.0,0.0,0.0,0.007429,1.615081,5.746545,2.944641,63.728814,69.08,1242.0,12.0,3.916769,-0.1632009310017456,-0.195886,-0.779727,-1.116245,-1.158301,0.392542,1.089109,4.319807,4.416436,-0.6972859999999987,-0.9292631666666665,-0.51226775
2019-02-01,111.709974,105.879558,-0.183642,628.75,18.034688796871432,595.0,658.0,63.0,0.028683401665004264,0.020155038759689825,0.03268453312467412,0.15,0.55,0.0,658.0,-0.4725251677852349,1009.0643939393946,1201.8731389986824,356.29905315713484,63.96,-0.012200772200772203,-0.020820575627679028,60.24333333333333,12.0,0.0,0.0,-0.183642,1.09474,5.885086,2.823529,69.779287,65.32,1124.6,12.0,3.406326,-0.22647491011411602,0.007429,-0.195886,-0.779727,-1.352657,0.391007,0.392542,3.853101,4.196374,-0.3227279999999988,-0.7349748333333334,-0.5443605
2019-03-01,111.821128,106.30055,0.115759,680.4285714285714,24.69123615490206,645.0,730.0,85.0,0.03628777096038514,0.03765060240963858,0.04754747916382018,0.09523809523809523,0.42857142857142855,0.0,689.0,-0.49036339561571285,790.8322510822517,1074.0529009034442,237.39019677109388,66.14,0.15306834030683403,0.0018176310209028212,63.169999999999995,12.0,0.0,0.0,0.115759,3.281082,5.827029,3.176471,78.438031,66.02,1154.2380952380952,12.0,2.905569,-0.28692962956834156,-0.183642,0.007429,-0.195886,-0.972763,0.0,0.391007,2.8,4.386677,-0.12403299999999882,-0.540139,-0.5922479166666667
2019-04-01,112.488053,106.721542,0.414577,773.25,91.15624238808766,672.0,1011.0,339.0,0.11788715472109623,0.475912408759124,0.1992057391749935,0.2,0.75,0.0,1011.0,-0.27279528063950753,694.1428571428578,945.4786255411254,73.21969492229925,71.23,0.19895640464568265,-0.01220357786714732,67.11,12.0,0.0,0.0,0.414577,3.625614,5.309096,3.048066,92.359932,72.11,1128.9,12.0,3.393939,-0.09106280193236704,0.115759,-0.183642,0.007429,-1.116245,-0.193986,0.0,2.421042,3.879093,-0.02015133333333215,-0.3587186666666667,-0.5826013333333333
2019-05-01,112.599207,107.353031,1.008746,1035.6666666666667,46.66404754554981,936.0,1107.0,171.0,0.04505701404462486,0.06304558680892347,0.06572113463843388,0.19047619047619047,0.6666666666666666,0.0,1096.0,0.6471835652750166,829.7817460317466,919.4230699855699,184.2427876720554,71.32,0.11507191994996857,-0.0735255910626138,69.56333333333333,12.0,0.0,0.0,1.008746,3.999188,4.448962,3.521127,126.315789,76.98,1293.095238095238,12.0,2.774427,0.14982681673060472,0.414577,0.115759,-0.183642,-0.779727,-0.483559,-0.193986,1.715079,4.086974,0.11556466666666783,-0.10358166666666667,-0.53188775
2019-06-01,112.821516,107.353031,1.304094,1174.4,91.56958814849071,1062.0,1354.0,292.0,0.07797137955423254,0.22756119673617414,0.11622668708892703,0.15,0.7,0.0,1354.0,0.7259710266638675,994.4388888888894,892.63556998557,203.72807334875057,64.22,-0.029029331720592744,-0.13694395914527613,68.92333333333333,12.0,0.0,0.0,1.304094,7.165594,3.911472,3.751465,252.129472,74.41,1351.6190476190477,12.0,2.895054,0.17100540451338775,1.008746,0.414577,0.115759,-0.195886,-0.677638,-0.483559,1.089109,4.269708,0.5130273333333345,0.19449716666666664,-0.40752900000000003
2019-07-01,113.043824,107.458279,1.601465,1869.7391304347825,219.08097660066332,1381.0,2191.0,810.0,0.1171719482330773,0.35264301230992046,0.19295194263084658,0.34782608695652173,0.6521739130434783,0.0,1868.0,1.4180266801613741,1359.9352657004836,1027.03906142167,446.9191423713995,63.92,-0.10262529832935563,-0.1391245791245791,66.48666666666668,12.0,0.0,0.0,1.601465,10.401491,3.434597,3.508772,318.75,74.25,1649.7727272727273,12.0,3.012048,0.4613984651189007,1.304094,1.008746,0.414577,0.007429,-1.158301,-0.677638,0.392542,4.319807,0.9091390000000011,0.4444938333333333,-0.2423846666666667
2019-08-01,113.043824,107.458279,1.9,1981.857142857143,211.209679161322,1712.0,2378.0,666.0,0.10657159620336293,0.3123620309050772,0.19789188375244682,0.19047619047619047,0.6666666666666666,0.0,2378.0,0.913605223228654,1675.332091097309,1252.5569185645272,437.4269448670799,59.04,-0.1721817162086371,-0.18599200330897558,62.393333333333345,12.0,0.0,0.0,1.9,11.280287,4.105997,4.215457,393.120805,72.53,1710.409090909091,12.0,3.140097,0.32272476188882027,1.601465,1.304094,1.008746,-0.183642,-1.352657,-1.158301,0.391007,3.853101,1.3047683333333344,0.7101665,-0.01240416666666668
2019-09-01,113.154978,107.774023,2.500589,2254.714285714286,208.65381445282588,1823.0,2518.0,695.0,0.09254113293859097,-0.2534807534807535,-0.1337652696227305,0.14285714285714285,0.19047619047619047,0.0,1823.0,0.9198861424678861,2035.436853002071,1514.9378709454795,198.00140542442998,62.83,-0.021644347555278776,-0.2035745975408797,61.93000000000001,12.0,0.0,0.0,2.500589,11.226267,4.362941,4.084014,483.554817,78.89,1447.35,12.0,3.502415,0.07082687429537748,1.9,1.601465,1.304094,0.115759,-0.972763,-1.352657,0.0,2.8,1.601853000000001,1.0574401666666666,0.2586505833333333
2019-10-01,113.266133,107.668775,2.549077,1825.8695652173913,57.60942500843392,1731.0,1929.0,198.0,0.03155177462064484,-0.04311774461028195,-0.015376763635765012,0.043478260869565216,0.34782608695652173,0.0,1731.0,-0.023462933680587827,2020.813664596274,1690.3744651483782,217.0602600985328,59.71,-0.06586357947434296,-0.2631124274959892,60.52666666666667,12.0,0.0,0.0,2.549077,13.875456,3.975529,3.846154,620.885201,81.03,1544.695652173913,12.0,3.0012,-0.06369184879939149,2.500589,1.9,1.601465,0.414577,-1.116245,-0.972763,-0.193986,2.421042,2.0006846666666678,1.4549118333333333,0.5480965833333333
2019-11-01,113.377287,107.879271,2.600688,1419.2857142857142,130.90421798289879,1255.0,1697.0,442.0,0.09223246360143851,-0.09958750736593991,-0.07018945022288259,0.3333333333333333,0.38095238095238093,0.0,1528.0,-0.2838607366827651,1833.2898550724642,1754.3109730848857,417.76371313933674,63.21,0.07063008130081294,-0.023783783783783763,61.91666666666668,12.0,0.0,0.0,2.600688,15.462229,2.873338,3.712297,671.859903,64.75,1192.0,12.0,3.110048,-0.30309070132078986,2.549077,2.500589,1.9,1.008746,-0.779727,-1.116245,-0.483559,1.715079,2.316555333333335,1.8106618333333335,0.8535400833333333
2019-12-01,113.599595,108.405511,3.0,1380.7058823529412,190.54880106743073,1090.0,1606.0,516.0,0.1380082488985311,-0.30484693877551017,-0.22081342413183347,0.23529411764705882,0.11764705882352941,0.0,1090.0,-0.38763598957925693,1541.9537206186826,1788.6952868103763,246.63385000575286,67.31,0.07130351742798036,0.173465829846583,63.410000000000004,12.0,0.0,0.0,3.0,15.841858,1.746501,3.944316,719.269103,57.36,1335.125,12.0,2.741359,-0.0775382595778491,2.600688,2.549077,2.500589,1.304094,-0.195886,-0.779727,-0.677638,1.089109,2.550118000000001,2.0759855000000003,1.1352413333333333
2020-01-01,114.044212,109.142248,3.286853,726.04,146.67835559481844,487.0,976.0,489.0,0.2020251716087522,-0.5010245901639344,-0.2726903007980356,0.4,0.08,0.0,487.0,-0.6023593284914871,1175.343865546219,1598.0787650712457,389.5864134618836,63.65,0.06598559705241991,0.07136845648880663,64.72333333333334,12.0,0.0,0.0,3.286853,16.115719,2.18342,3.775744,685.403727,59.41,1063.3181818181818,12.0,2.944641,-0.31163256637530456,3.0,2.600688,2.549077,1.601465,0.007429,-0.195886,-1.158301,0.392542,2.7165883333333345,2.3586365,1.4015651666666666
2020-02-01,114.155366,109.668488,3.578529,460.6,41.61275108222934,411.0,535.0,124.0,0.0903446614898596,0.148068669527897,0.1468189233278956,0.35,0.7,0.0,535.0,-0.6754705586311021,855.781960784314,1344.5359079283887,473.5751692986699,55.66,-0.1194431260876444,-0.12976860537836155,62.20666666666668,12.0,0.0,0.0,3.578529,15.723795,2.763729,4.23341,710.3,63.96,628.75,12.0,2.823529,-0.4725251677852349,3.286853,3.0,2.600688,1.9,-0.183642,0.007429,-1.352657,0.391007,2.9625136666666676,2.6395345,1.6748504999999998
2020-03-01,114.26652,109.878984,3.366337,601.0909090909091,32.34031700364274,539.0,633.0,94.0,0.05380270523897007,0.16141001855287573,0.0021097046413502962,0.18181818181818182,0.5,0.0,626.0,-0.5646495631158208,595.9103030303035,1068.9320118244925,132.79581096326547,32.01,-0.5244391620858714,-0.5160266102207439,50.440000000000005,12.0,0.0,0.0,3.366337,12.203367,2.903905,4.104903,807.326356,66.14,680.4285714285714,12.0,3.176471,-0.49036339561571285,3.578529,3.286853,3.0,2.500589,0.115759,-0.183642,-0.972763,0.0,3.288460666666668,2.9192893333333334,1.98836475
2020-04-01,115.266908,110.089481,3.155819,663.9,49.36534049416922,596.0,757.0,161.0,0.0743565905922115,0.017628205128205066,0.09076532323764797,0.35,0.35,0.0,635.0,-0.08558757093273095,575.1969696969701,875.2704176215942,104.09416205065388,18.38,-0.7112333071484682,-0.7419626561841921,35.35,12.0,0.0,0.0,3.155819,12.027949,4.241603,4.209329,980.406002,71.23,773.25,12.0,3.048066,-0.27279528063950753,3.366337,3.578529,3.286853,2.549077,0.414577,0.115759,-1.116245,-0.193986,3.410573000000001,3.0635806666666667,2.25924625
2020-05-01,115.266908,110.720969,3.137255,489.10526315789474,63.23052597602426,393.0,617.0,224.0,0.12927795045135704,-0.1831442463533225,-0.022186256659248782,0.6842105263157895,0.42105263157894735,0.0,504.0,0.061887240898599094,584.6987240829351,720.240342433624,88.54280210131118,29.38,-0.4721523535752785,-0.5880538418395962,26.590000000000007,12.0,0.0,0.0,3.137255,10.238231,4.697632,4.195011,953.488372,71.32,1035.6666666666667,12.0,3.521127,0.6471835652750166,3.155819,3.366337,3.578529,2.600688,1.008746,0.414577,-0.779727,-0.483559,3.3668950000000013,3.1647043333333333,2.487683083333333
2020-06-01,113.821904,111.247209,3.627451,1146.4545454545455,480.2573444343323,520.0,1799.0,1279.0,0.41890657273631393,2.4596153846153848,1.2007614213197968,0.6363636363636364,1.0,0.0,1799.0,0.9072897761645493,766.4866028708138,681.1984529505581,340.4703042123282,40.27,0.2580443611371448,-0.3729367798193709,29.343333333333344,12.0,0.0,0.0,3.627451,8.011849,4.743643,4.067797,835.800677,64.22,1174.4,12.0,3.751465,0.7259710266638675,3.137255,3.155819,3.366337,3.0,1.304094,1.008746,-0.195886,-0.677638,3.219803666666668,3.254132166666667,2.6650588333333336
2020-07-01,114.044212,111.668202,3.917728,1632.8260869565217,233.5490316777795,1264.0,1956.0,692.0,0.14303362344798107,-0.2512479201331115,-0.20600195454846626,0.34782608695652173,0.391304347826087,0.0,1350.0,1.4594458306319051,1089.4619651896544,832.3294674433118,573.9864513658952,43.24,1.3525571273122963,-0.32352941176470584,37.63000000000002,12.0,0.0,0.0,3.917728,6.434001,6.077947,4.180791,976.684147,63.92,1869.7391304347825,12.0,3.508772,1.4180266801613741,3.627451,3.137255,3.155819,3.286853,1.601465,1.304094,0.007429,-1.158301,3.3068416666666685,3.3587073333333337,2.8586719166666668
2020-08-01,114.26652,112.089194,4.3095,1522.0588235294117,52.79615349179722,1385.0,1598.0,213.0,0.03468732789799238,0.07436823104693135,0.006472583380440877,0.11764705882352941,0.5882352941176471,0.0,1488.0,2.111924851722675,1433.779818646827,1009.2392713648804,254.9199994568268,44.74,0.5228046289993193,-0.2422086720867208,42.75000000000002,12.0,0.0,0.0,4.3095,5.312687,6.829025,3.707865,865.396393,59.04,1981.857142857143,12.0,4.215457,0.913605223228654,3.917728,3.627451,3.137255,3.578529,1.9,1.601465,-0.183642,-1.352657,3.560811333333335,3.4638531666666665,3.051693833333333
2020-09-01,115.155754,112.29969,4.199219,1410.7727272727273,151.3869000491572,1267.0,1725.0,458.0,0.10730778751430416,0.1726716519374576,0.10377550328746676,0.2727272727272727,0.5,0.0,1725.0,0.23055269209420337,1521.8858792528874,1144.18624106185,111.02678086402695,40.91,0.015892724112242185,-0.348877924558332,42.963333333333345,12.0,0.0,0.0,4.199219,5.142447,6.620196,3.587444,724.452035,62.83,2254.714285714286,12.0,4.084014,0.9198861424678861,4.3095,3.917728,3.627451,3.366337,2.500589,1.9,0.115759,-0.972763,3.951559666666668,3.5856816666666673,3.2524855
2020-10-01,115.711525,112.29969,4.301075,1630.7727272727273,288.2475675060592,1283.0,2097.0,814.0,0.1767552048703432,-0.31353665061530234,-0.26681159420289846,0.5909090909090909,0.3181818181818182,0.0,1283.0,-0.0012575495334116171,1521.201426024956,1305.3316956073047,110.00250609818809,40.19,-0.07053654024051814,-0.32691341483838554,41.94666666666667,12.0,0.0,0.0,4.301075,5.823051,7.102358,5.162738,472.37145,59.71,1825.8695652173913,12.0,3.846154,-0.023462933680587827,4.199219,4.3095,3.917728,3.155819,2.549077,2.500589,0.414577,-1.116245,4.142149000000001,3.7244953333333335,3.3940379999999997
2020-11-01,115.933833,112.510186,4.292683,1183.65,50.78673158673589,1111.0,1284.0,173.0,0.0429068825976732,-0.04439252336448596,-0.030235895370207322,0.1,0.6,0.0,1227.0,-0.22233623188405793,1408.3984848484852,1421.0891517476557,223.57081893952312,42.69,-0.04582029503799745,-0.3246321784527765,41.26333333333334,12.0,0.0,0.0,4.292683,6.082528,6.948476,5.480984,385.041465,63.21,1419.2857142857142,12.0,3.712297,-0.2838607366827651,4.301075,4.199219,4.3095,3.137255,2.600688,2.549077,1.008746,-0.779727,4.269931333333335,3.915371333333333,3.5400378333333333
2020-12-01,116.044988,112.29969,3.592233,1243.6666666666667,79.98749902328488,1121.0,1366.0,245.0,0.06431586627441829,0.1279933938893476,0.11740426507681745,0.2222222222222222,0.6666666666666666,0.0,1366.0,-0.1184500220167326,1352.696464646465,1437.2911719496758,242.6835510425235,49.99,0.2219506233194819,-0.2573168919922746,44.29000000000001,12.0,0.0,0.0,3.592233,7.213925,7.632,5.915179,346.404434,67.31,1380.7058823529412,12.0,3.944316,-0.38763598957925693,4.292683,4.301075,4.199219,3.627451,3.0,2.600688,1.304094,-0.195886,4.264325666666668,4.107942666666666,3.681037416666667
2021-01-01,116.600759,112.82593,3.375121,1657.5,171.43312337315004,1374.0,1856.0,482.0,0.10342873205016594,0.05676855895196509,0.03586562672726168,0.45,0.55,0.0,1452.0,0.016389330211556086,1361.605555555556,1441.4034907902553,258.003181684415,54.77,0.3627768101517792,-0.1395129615082482,49.15000000000001,12.0,0.0,0.0,3.375121,7.785496,5.225727,5.292172,369.408198,63.65,726.04,12.0,3.775744,-0.6023593284914871,3.592233,4.292683,4.301075,3.917728,3.286853,3.0,1.601465,0.007429,4.061997000000001,4.102073,3.7303901666666666
2021-02-01,116.934221,113.667915,3.646833,1499.6,189.42861452272726,1303.0,1770.0,467.0,0.12631942819600378,0.15997229916897515,0.262485219578692,0.25,0.45,0.0,1675.0,0.2669285684112701,1466.9222222222227,1437.6603535353536,208.84296687903185,62.28,0.4588896697118765,0.11893639956881064,55.68000000000001,12.0,0.0,0.0,3.646833,7.207435,5.47821,5.049396,358.953474,55.66,460.6,12.0,4.23341,-0.6754705586311021,3.375121,3.592233,4.292683,4.3095,3.578529,3.286853,1.9,-0.183642,3.753345666666668,4.0116385,3.7377458333333333
2021-03-01,120.661666,117.926778,7.324234,2017.608695652174,195.40441493347603,1651.0,2319.0,668.0,0.0968495106878558,0.23924894003634156,0.17447071739914133,0.21739130434782608,0.6086956521739131,0.0,2046.0,0.6223066435155513,1724.902898550725,1538.7996815985946,265.5006878383118,65.41,0.30846169233846754,1.0434239300218682,60.820000000000014,12.0,0.0,0.0,7.324234,6.623397,6.621432,5.695509,299.800755,32.01,601.0909090909091,12.0,4.104903,-0.5646495631158208,3.646833,3.375121,3.592233,4.199219,3.366337,3.578529,2.500589,0.115759,3.5380623333333343,3.9011940000000003,3.743437833333333
2021-04-01,124.204929,123.198443,11.907553,2475.05,357.99168984768346,2072.0,3053.0,981.0,0.14464018498522593,0.47345559845559837,0.2857567886658796,0.1,0.85,0.0,3053.0,0.493242835595777,1997.419565217392,1679.5125603864733,488.0382939542798,64.81,0.1833120321343802,2.526115342763874,64.16666666666667,12.0,0.0,0.0,11.907553,6.550239,5.906638,6.331878,216.60812,18.38,663.9,12.0,4.209329,-0.08558757093273095,7.324234,3.646833,3.375121,4.301075,3.155819,3.366337,2.549077,0.414577,4.7820626666666675,4.422029833333333,4.0732625833333325
2021-05-01,124.849179,124.622976,12.555894,2965.2631578947367,213.9854206106531,2596.0,3266.0,670.0,0.0721640573589352,-0.17770034843205573,-0.11877963958267457,0.2631578947368421,0.42105263157894735,0.0,2596.0,0.97736940377083,2485.973951182304,1976.448086702263,473.92166492380625,68.53,0.10035324341682728,1.3325391422736557,66.25000000000001,12.0,0.0,0.0,12.555894,6.882847,6.554721,6.746464,178.61568,29.38,489.10526315789474,12.0,4.195011,0.061887240898599094,11.907553,7.324234,3.646833,4.292683,3.137255,3.155819,2.600688,1.008746,7.626206666666668,5.689776166666667,4.8025737500000005
2021-06-01,123.184978,118.836858,6.822327,2932.0,359.28752247959267,2420.0,3418.0,998.0,0.1225400827010889,0.31736760124610597,0.23723640399556056,0.18181818181818182,0.5454545454545454,0.0,3383.0,0.45320547354810903,2790.771052631579,2257.8369755911517,273.92781298070594,73.16,0.11848341232227488,0.8167370250807051,68.83333333333334,12.0,0.0,0.0,6.822327,8.213707,7.2625,6.623236,108.75769,40.27,1146.4545454545455,12.0,4.067797,0.9072897761645493,12.555894,11.907553,7.324234,3.592233,3.627451,3.137255,3.0,1.304094,10.595893666666667,7.066978,5.5874603333333335
2021-07-01,124.166136,118.963051,6.532611,3187.9545454545455,93.09159712103695,3039.0,3338.0,299.0,0.029201042798357637,-0.013780707010185744,-0.029251433067326138,0.045454545454545456,0.45454545454545453,0.0,3292.0,0.2880364216700855,3028.405901116428,2512.912733166909,139.17053154635826,75.17,0.15985187471069273,0.7384366327474561,72.28666666666668,12.0,0.0,0.0,6.532611,8.59304,6.092723,6.724512,55.085984,43.24,1632.8260869565217,12.0,4.180791,1.4594458306319051,6.822327,12.555894,11.907553,3.375121,3.917728,3.627451,3.286853,1.601465,10.428591333333335,7.605327,5.8537
2021-08-01,124.280291,119.174283,6.320939,3720.0,369.1682543231474,3281.0,4235.0,954.0,0.09923877804385682,0.258988421694089,0.18874921787514465,0.09523809523809523,0.7142857142857143,0.0,4132.0,0.2545260915867946,3279.9848484848494,2882.979399833576,401.9803260196954,70.75,0.03239457172041438,0.5813589628967366,73.02666666666669,12.0,0.0,0.0,6.320939,10.553744,5.240168,6.825569,50.470518,44.74,1522.0588235294117,12.0,3.707865,2.111924851722675,6.532611,6.822327,12.555894,3.646833,4.3095,3.917728,3.578529,1.9,8.636944000000002,8.131575333333332,6.071606916666667
2021-09-01,124.844844,119.429826,6.349203,4287.772727272727,462.3568949073846,3618.0,5197.0,1579.0,0.10783148369001137,0.2875654124096685,0.1821231117999491,0.3181818181818182,0.5909090909090909,0.0,5167.0,0.4624054322212574,3731.9090909090914,3261.340071770335,550.0057982414224,74.49,0.018179332968835338,0.8208262038621363,73.47000000000001,12.0,0.0,0.0,6.349203,10.4581,4.965744,6.709957,54.51438,40.91,1410.7727272727273,12.0,3.587444,0.23055269209420337,6.320939,6.532611,6.822327,7.324234,4.199219,4.3095,3.366337,2.500589,6.558625666666668,8.577259666666667,6.239226833333333
2021-10-01,125.963055,119.953119,6.815183,4819.952380952381,662.7014015520472,3519.0,5650.0,2131.0,0.13749127567544622,-0.32352941176470584,-0.2028659544377992,0.42857142857142855,0.2857142857142857,0.0,3519.0,0.5119263189698777,4275.90836940837,3652.1571352623982,550.0721610219523,83.54,0.11134761207928712,1.0786265240109483,76.26,12.0,0.0,0.0,6.815183,10.381123,5.180863,6.189968,61.35358,40.19,1630.7727272727273,12.0,5.162738,-0.0012575495334116171,6.349203,6.320939,6.532611,11.907553,4.301075,4.199219,3.155819,2.549077,6.400917666666668,8.414754499999999,6.418392166666667
2021-11-01,125.937712,120.088047,6.735267,2780.4545454545455,223.70893659326242,2430.0,3428.0,998.0,0.0804576852223602,-0.11960326721120185,-0.07550731477111838,0.5,0.5,0.0,3018.0,-0.2525659824046921,3962.7265512265512,3621.3556998557,1057.8889911856438,81.05,0.14558303886925783,0.8985710939330054,79.69333333333334,12.0,0.0,0.0,6.735267,9.800728,5.184961,5.620361,65.392432,42.69,1183.65,12.0,5.480984,-0.22233623188405793,6.815183,6.349203,6.320939,12.555894,4.292683,4.301075,3.137255,2.600688,6.495108333333334,7.566026166666667,6.627901166666668
2021-12-01,126.130008,120.433366,7.24283,2832.1111111111113,460.16133857196206,2217.0,3423.0,1206.0,0.1624799736022464,-0.272399081063341,-0.2675464364803182,0.3333333333333333,0.3333333333333333,0.0,2217.0,-0.33949131839539015,3477.506012506013,3604.707551707552,1162.8795248476954,74.17,-0.00429587864142833,0.4836967393478695,79.58666666666669,12.0,0.0,0.0,7.24283,8.996831,5.117352,5.374078,64.908403,49.99,1243.6666666666667,12.0,5.915179,-0.1184500220167326,6.735267,6.815183,6.349203,6.822327,3.592233,4.292683,3.627451,3.0,6.633217666666668,6.5959216666666665,6.831449833333333
2022-01-01,128.923091,120.801945,7.06931,1760.8,388.9098935012555,1296.0,2296.0,1000.0,0.220871134428246,-0.37943107221006567,-0.3214756258234519,0.6,0.3,0.0,1418.0,-0.6346851875635997,2457.7885521885523,3366.8484607984606,604.1621318862154,86.51,0.03555183145798413,0.579514332663867,80.57666666666667,12.0,0.0,0.0,7.06931,7.982029,5.61371,5.65445,63.309373,54.77,1657.5,12.0,5.292172,0.016389330211556086,7.24283,6.735267,6.815183,6.532611,3.375121,3.592233,3.917728,3.286853,6.931093333333334,6.6660055,7.13566625
2022-02-01,129.319689,121.358602,6.765926,1834.9,289.32733238178156,1419.0,2244.0,825.0,0.157680163704715,0.41666666666666674,0.24061058642653177,0.45,0.55,0.0,2040.0,-0.3400719306849763,2142.6037037037045,3052.665127465127,598.2792417862111,97.13,0.1983960518198642,0.5595696852922285,85.93666666666668,12.0,0.0,0.0,6.765926,8.003138,5.441457,6.478579,64.613955,62.28,1499.6,12.0,5.049396,0.2669285684112701,7.06931,7.24283,6.735267,6.320939,3.646833,3.375121,4.3095,3.578529,7.015802333333334,6.755455333333334,7.443515333333333
2022-03-01,129.6058,122.086813,3.527643,2464.086956521739,206.05337195702882,2069.0,2727.0,658.0,0.08362260569241033,0.139681005316578,0.04812916808491874,0.2608695652173913,0.4782608695652174,0.0,2358.0,-0.12994693363036414,2019.9289855072468,2748.717499006629,386.4323096116628,117.25,0.5808278279627881,0.7925393670692555,100.29666666666667,12.0,0.0,0.0,3.527643,9.623377,4.642817,6.217617,67.358715,65.41,2017.608695652174,12.0,5.695509,0.6223066435155513,6.765926,7.06931,7.24283,6.349203,7.324234,3.646833,4.199219,3.366337,7.026022000000001,6.829619833333333,7.70343975
2022-04-01,133.496197,124.776322,1.280762,2220.3684210526317,144.15547568368896,2031.0,2425.0,394.0,0.06492412444568446,0.01994060246075513,0.08010263442200638,0.3157894736842105,0.5263157894736842,0.0,2404.0,0.2609997847868195,2173.118459191457,2315.4535056900045,317.24355901452736,104.58,0.2088775864061958,0.6136398703903718,106.32000000000001,12.0,0.0,0.0,1.280762,10.975515,5.74765,5.954825,83.881933,64.81,2475.05,12.0,6.331878,0.493242835595777,3.527643,6.765926,7.06931,6.815183,11.907553,7.324234,4.301075,3.155819,5.787626333333335,6.359359833333333,7.387057166666668
2022-05-01,136.934197,127.989125,2.701066,2943.0476190476193,296.42696844087516,2412.0,3369.0,957.0,0.10072109147075234,0.06384742951907141,0.08198956604221008,0.5714285714285714,0.6190476190476191,0.0,2566.0,0.6039280718554794,2542.500998873997,2342.5523512888503,367.66544212395513,113.34,0.1668897354061567,0.6538742156719686,111.72333333333334,12.0,0.0,0.0,2.701066,11.914293,6.604987,7.543323,113.096015,68.53,2965.2631578947367,12.0,6.746464,0.97736940377083,1.280762,3.527643,6.765926,6.735267,12.555894,11.907553,4.292683,3.137255,3.8581103333333346,5.436956333333334,6.50149125
2022-06-01,138.773688,130.258694,9.611358,2389.45,134.76352583224008,2186.0,2633.0,447.0,0.056399391421557296,-0.14925939992404103,-0.017164272852895568,0.35,0.4,0.0,2240.0,-0.03028990365952644,2517.6220133667507,2268.7754994369984,378.0044372246868,122.71,0.04656716417910434,0.6772826681246582,113.54333333333334,1.65,-10.35,-10.35,9.611358,13.468382,6.978123,8.85947,157.196448,73.16,2932.0,12.0,6.623236,0.45320547354810903,2.701066,1.280762,3.527643,7.24283,6.822327,12.555894,3.592233,3.627451,2.503157000000001,4.7645895,5.6802555833333335
2022-07-01,141.968371,133.058714,11.848774,2076.9523809523807,78.55601580431392,1895.0,2214.0,319.0,0.037822733214659586,-0.14408310749774167,-0.005822784810126547,0.14285714285714285,0.3333333333333333,0.0,1895.0,-0.06459110062115736,2469.816666666667,2321.467562929062,438.60499449523303,111.93,0.07028112449799195,0.48902487694559005,115.99333333333334,2.15,0.5,-9.85,11.848774,15.467915,8.360989,9.857724,204.572486,75.17,3187.9545454545455,12.0,6.724512,0.2880364216700855,9.611358,2.701066,1.280762,7.06931,6.532611,6.822327,3.375121,3.917728,4.531062000000001,5.159344166666666,5.912674833333334
2022-08-01,142.423547,134.960231,13.246102,1411.9545454545455,248.32955777367556,965.0,1872.0,907.0,0.17587645336963145,-0.48450854700854706,-0.24918273024461735,0.5,0.18181818181818182,0.0,965.0,-0.5202406728602444,1959.452308802309,2250.9766538381527,499.22844583490223,100.45,-0.11372860419975295,0.4197879858657245,111.69666666666667,2.15,0.0,-9.85,13.246102,15.100362,8.828141,11.561866,226.241305,70.75,3720.0,12.0,6.825569,0.2545260915867946,11.848774,9.611358,2.701066,6.765926,6.320939,6.532611,3.646833,4.3095,8.053732666666669,5.9559215,6.355688416666666
2022-09-01,142.058962,137.126341,14.817501,1487.142857142857,299.09986387731533,1002.0,1816.0,814.0,0.2011238277753321,0.7564870259481038,0.40203932993445,0.47619047619047616,0.6666666666666666,0.0,1760.0,-0.37762126968848175,1658.6832611832615,2088.152637275006,364.1773097928867,89.76,-0.26851927308287826,0.20499395892066063,100.71333333333335,2.65,0.5,-9.35,14.817501,15.316228,9.299535,11.967546,210.795715,74.49,4287.772727272727,12.0,6.709957,0.4624054322212574,13.246102,11.848774,9.611358,3.527643,6.349203,6.320939,7.324234,4.199219,11.568744666666667,7.035950833333334,6.932785333333334
2022-10-01,142.406652,138.897351,15.79303,1813.857142857143,138.7390664932865,1463.0,1996.0,533.0,0.07648841974112038,-0.18176733780760623,-0.08453841327016942,0.23809523809523808,0.2857142857142857,0.0,1463.0,-0.12667369772560522,1570.984848484849,2020.4007575757578,213.66687643129436,93.33,-0.16617528812650773,0.11718937036150345,94.51333333333334,2.65,0.0,-9.35,15.79303,15.545275,9.064466,11.959799,196.772783,83.54,4819.952380952381,12.0,6.189968,0.5119263189698777,14.817501,13.246102,11.848774,1.280762,6.815183,6.349203,11.907553,4.301075,13.30412566666667,8.917593833333333,7.638476833333333
2022-11-01,142.406652,138.897351,15.662927,1298.9545454545455,72.6429475964311,1149.0,1393.0,244.0,0.055924164437186695,-0.015976761074800283,-0.06480666350646713,0.3181818181818182,0.4090909090909091,0.0,1355.0,-0.08003090493513187,1533.3181818181822,1746.3852453102452,260.53846483708287,91.42,-0.08989547038327528,0.12794571252313403,91.50333333333334,2.65,0.0,-9.35,15.662927,15.201338,9.43911,12.449799,180.49698,81.05,2780.4545454545455,12.0,5.620361,-0.2525659824046921,15.79303,14.817501,13.246102,2.701066,6.735267,6.815183,12.555894,4.292683,14.618877666666668,11.336305166666667,8.38663075
2022-12-01,141.829762,140.797604,16.909133,1453.4117647058824,126.86856329659123,1323.0,1723.0,400.0,0.08729017225360414,0.13228699551569512,0.1633589132927582,0.35294117647058826,0.5294117647058824,0.0,1515.0,-0.02268181047635187,1522.0744843391906,1590.3788727612257,264.22925274010043,80.92,-0.09848484848484851,0.09100714574625868,88.55666666666667,2.65,0.0,-9.35,16.909133,13.488004,11.799001,12.5,169.51431,74.17,2832.1111111111113,12.0,5.374078,-0.33949131839539015,15.662927,15.79303,14.817501,9.611358,7.24283,6.735267,6.822327,3.592233,15.424486000000002,13.496615333333333,9.130602416666667
2023-01-01,140.943307,141.583176,17.202729,908.8095238095239,194.7895323285158,676.0,1250.0,574.0,0.21433482729362494,-0.45520000000000005,-0.3044586952130882,0.5238095238095238,0.14285714285714285,0.0,681.0,-0.4989630096348219,1220.391944656651,1395.6883965707495,280.67233900129514,82.5,-0.11603985856637733,-0.04635302277193398,84.94666666666667,2.65,0.0,-9.35,17.202729,12.937684,14.046941,13.5778,153.306571,86.51,1760.8,12.0,5.65445,-0.6346851875635997,16.909133,15.662927,15.79303,11.848774,7.06931,7.24283,6.532611,3.375121,16.12169666666667,14.712911166666666,9.936127666666666
2023-02-01,141.054683,142.354644,17.300828,658.35,136.00475030403592,530.0,990.0,460.0,0.20658426415134187,0.48203592814371254,0.1959595959595959,0.45,0.55,0.0,990.0,-0.4931693319802638,1006.8570961718025,1270.087638994992,406.4982131066985,82.59,-0.0965871800481295,-0.14969628333161733,82.00333333333334,2.65,0.0,-9.35,17.300828,13.347917,14.045834,13.542689,136.854571,97.13,1834.9,12.0,6.478579,-0.3400719306849763,17.202729,16.909133,15.662927,13.246102,6.765926,7.06931,6.320939,3.646833,16.591596333333335,15.605237,10.78057925
2023-03-01,142.528477,143.768863,17.759534,1410.0434782608695,135.56430150263466,1099.0,1603.0,504.0,0.09614193008419714,0.26387625113739754,0.092553167522754,0.43478260869565216,0.6521739130434783,0.0,1389.0,-0.02983895376255541,992.4010006901316,1257.2377425146606,382.7550425145575,78.43,-0.030771131982204603,-0.3310874200426439,81.17333333333335,2.65,0.0,-9.35,17.759534,13.389391,14.564421,14.04878,127.920162,117.25,2464.086956521739,12.0,6.217617,-0.12994693363036414,17.300828,17.202729,16.909133,14.817501,3.527643,6.765926,6.349203,7.324234,17.137563333333333,16.281024666666667,11.658487749999999
2023-04-01,144.126319,145.495142,16.604768,1480.3333333333333,65.51245952443838,1368.0,1581.0,213.0,0.044255207965168915,0.11614730878186963,0.0007095793208311552,0.3333333333333333,0.5555555555555556,0.0,1576.0,0.6288708409745871,1182.908937198068,1201.650440927359,455.63880966981844,84.64,0.02593939393939393,-0.19066743163128708,81.88666666666667,2.65,0.0,-9.35,16.604768,10.05465,13.452199,13.953488,101.641652,104.58,2220.3684210526317,12.0,5.954825,0.2609997847868195,17.759534,17.300828,17.202729,15.79303,1.280762,3.527643,6.815183,11.907553,17.421030333333334,16.7713635,12.844478666666667
2023-05-01,144.722772,146.269136,14.282472,1416.05,182.42560848625104,977.0,1640.0,663.0,0.12882709543183576,-0.3704896907216495,-0.17932989989005266,0.4,0.2,0.0,977.0,1.1509075719602033,1435.4756038647347,1221.1663500182683,38.96384857383372,75.47,-0.08620898413851563,-0.33412740427033705,79.51333333333335,2.65,0.0,-9.35,14.282472,10.32728,12.51019,11.848341,116.960656,113.34,2943.0476190476193,12.0,7.543323,0.6039280718554794,16.604768,17.759534,17.300828,15.662927,2.701066,1.280762,6.735267,12.555894,17.221709999999998,16.90665316666667,14.121479166666667
2023-06-01,145.107921,147.015345,12.864132,1081.7727272727273,88.14054351577037,919.0,1240.0,321.0,0.08147787542951167,0.1643543223052295,0.11942292278920652,0.2727272727272727,0.5909090909090909,0.0,1091.0,-0.23280895663800905,1326.0520202020207,1159.2265104460755,213.97982720729502,74.84,-0.04577330103276811,-0.39010675576562626,78.31666666666668,2.65,0.0,1.0,12.864132,10.235553,11.727572,10.944808,255.596454,122.71,2389.45,1.65,8.85947,-0.03028990365952644,14.282472,16.604768,17.759534,16.909133,9.611358,2.701066,7.24283,6.822327,16.215591333333332,16.676577333333334,15.086596333333333
2023-07-01,144.124429,147.287621,10.693706,1040.1904761904761,51.59711139939817,962.0,1127.0,165.0,0.049603522220626334,0.055243445692883864,-0.007876757039035676,0.23809523809523808,0.47619047619047616,0.0,1127.0,-0.29732685688551486,1179.3377344877351,1181.123335842901,206.05046319835373,80.11,-0.05352079395085063,-0.2842848208701868,76.80666666666667,2.65,0.0,0.5,10.693706,8.398117,10.520003,9.898242,103.098144,111.93,2076.9523809523807,2.15,9.857724,-0.06459110062115736,12.864132,14.282472,16.604768,17.202729,11.848774,9.611358,7.06931,6.532611,14.583790666666667,16.0024105,15.357660833333334
2023-08-01,144.198902,147.116804,9.007522,1149.8636363636363,48.47119464131981,1080.0,1247.0,167.0,0.04215386338732008,-0.055652173913043446,0.018109293976864782,0.13636363636363635,0.45454545454545453,0.0,1086.0,-0.18797808243802383,1090.608946608947,1263.0422752368404,55.36794735890275,86.15,0.14151318404664104,-0.14235938277750126,80.36666666666667,2.65,0.0,0.5,9.007522,7.444866,9.979073,8.0,70.758637,100.45,1411.9545454545455,2.15,11.561866,-0.5202406728602444,10.693706,12.864132,14.282472,17.300828,13.246102,11.848774,6.765926,6.320939,12.613436666666667,14.917573333333335,15.261405166666664
2023-09-01,146.6304,147.638939,7.666359,1393.4285714285713,243.25266112184084,1063.0,1752.0,689.0,0.17457131718811628,0.5971830985915494,0.3620009178522259,0.47619047619047616,0.7619047619047619,0.0,1701.0,0.2880973390238484,1194.4942279942286,1260.273124098124,180.7987977389758,93.72,0.25227151256012825,0.04411764705882337,86.66000000000001,2.65,0.0,0.0,7.666359,7.909355,9.788064,8.242754,72.79953,89.76,1487.142857142857,2.65,11.967546,-0.37762126968848175,9.007522,10.693706,12.864132,17.759534,14.817501,13.246102,3.527643,6.349203,10.855120000000001,13.535355666666666,14.908190166666666
2023-10-01,146.756449,147.985627,6.54316,1867.6818181818182,185.97372737224813,1459.0,2105.0,646.0,0.09957463073302973,-0.1600460564191134,-0.017132551848512145,0.36363636363636365,0.4090909090909091,0.0,1459.0,0.7955190524545954,1470.3246753246758,1324.831204906205,365.0349211144266,90.6,0.13094495069279732,-0.02925104468016715,90.15666666666668,2.65,0.0,0.0,6.54316,7.796067,9.354138,8.976661,72.312708,93.33,1813.857142857143,2.65,11.959799,-0.12667369772560522,7.666359,9.007522,10.693706,16.604768,15.79303,14.817501,1.280762,6.815183,9.122529000000002,11.853159833333335,14.312261666666666
2023-11-01,146.714433,148.982852,7.261119,1831.4545454545455,408.47856238820657,1385.0,2937.0,1552.0,0.2230350534235219,1.096359743040685,0.3554308429790718,0.5454545454545454,0.7272727272727273,0.0,2937.0,0.5927580345495516,1697.5216450216456,1394.065295815296,263.97452884284036,82.94,-0.037260591990713965,-0.092758696127762,89.08666666666669,2.65,0.0,0.0,7.261119,7.555854,9.177269,9.196429,79.524796,91.42,1298.9545454545455,2.65,12.449799,-0.08003090493513187,6.54316,7.666359,9.007522,14.282472,15.662927,15.79303,2.701066,6.735267,7.739013666666668,10.176225166666667,13.541439166666668
2023-12-01,146.861601,149.353957,6.077058,2537.625,393.7984044321832,2087.0,3346.0,1259.0,0.15518384490702258,-0.34398496240601506,-0.198911436634861,0.5,0.3125,0.0,2094.0,0.8211374820586428,2078.920454545455,1636.7073412698412,397.6625439211378,77.63,-0.17168160478019634,-0.040657439446366905,83.72333333333334,2.65,0.0,0.0,6.077058,7.70522,7.411504,8.622222,91.08269,80.92,1453.4117647058824,2.65,12.5,-0.02268181047635187,7.261119,6.54316,7.666359,12.864132,16.909133,15.662927,9.611358,7.24283,7.156879333333335,9.005999666666666,12.8412885
